DROP DATABASE IF EXISTS wypozyczalnia_filmow;

CREATE DATABASE wypozyczalnia_filmow;

USE wypozyczalnia_filmow;

-- kodowanie polskich znakow
ALTER DATABASE wypozyczalnia_filmow CHARACTER SET utf8mb4 COLLATE utf8mb4_unicode_ci;

CREATE TABLE uzytkownicy (id_uzytkownika int AUTO_INCREMENT not null, PRIMARY KEY (id_uzytkownika), email VARCHAR(50) not null, 
login VARCHAR(50) not null, haslo VARCHAR(20) not null, data_dolaczenia datetime not null);

CREATE UNIQUE INDEX index_uzytkownicy ON uzytkownicy (email);

-- dodanie 200 rekordow do tabeli uzytkownicy
INSERT INTO uzytkownicy (id_uzytkownika, email, login, haslo, data_dolaczenia) 
VALUES ('1', 'test@gmail.com', 'test', 'test', '2016-05-29 21:23:16'), ('2', 'Dominik.Stepien89@gmail.com', 'Dominik89', 'haslo89', '2016-06-10 21:23:16'), ('3', 'Karol.Krol127@gmail.com', 'Karol127', 'haslo127', '2016-06-19 21:23:16'), ('4', 'Beata.Kwiatkowska42@gmail.com', 'Beata42', 'haslo42', '2016-07-02 21:23:15'), ('5', 'Bogdan.Mazur185@gmail.com', 'Bogdan185', 'haslo185', '2016-07-13 21:23:16'), ('6', 'Zofia.Wojciechowska138@gmail.com', 'Zofia138', 'haslo138', '2016-07-19 21:23:16'), ('7', 'Marcin.Sikora151@gmail.com', 'Marcin151', 'haslo151', '2016-08-19 21:23:16'), ('8', 'Karol.Krol131@gmail.com', 'Karol131', 'haslo131', '2016-09-01 21:23:16'), ('9', 'Szymon.Jablonski195@gmail.com', 'Szymon195', 'haslo195', '2016-09-20 21:23:16'), ('10', 'Karol.Krawczyk109@gmail.com', 'Karol109', 'haslo109', '2016-09-27 21:23:16'), ('11', 'Irena.Pietrzak50@gmail.com', 'Irena50', 'haslo50', '2016-10-13 21:23:15'), ('12', 'Hanna.Szymanska48@gmail.com', 'Hanna48', 'haslo48', '2016-11-29 21:23:15'), ('13', 'Anna.Gorska194@gmail.com', 'Anna194', 'haslo194', '2016-12-03 21:23:16'), ('14', 'Marian.Kaczmarek101@gmail.com', 'Marian101', 'haslo101', '2016-12-09 21:23:16'), ('15', 'Szymon.Baran37@gmail.com', 'Szymon37', 'haslo37', '2016-12-20 21:23:15'), ('16', 'Wiktor.Dabrowski97@gmail.com', 'Wiktor97', 'haslo97', '2016-12-31 21:23:16'), ('17', 'Anna.Jaworska84@gmail.com', 'Anna84', 'haslo84', '2017-01-16 21:23:16'), ('18', 'Konrad.Jablonski17@gmail.com', 'Konrad17', 'haslo17', '2017-01-19 21:23:15'), ('19', 'Konrad.Dudek139@gmail.com', 'Konrad139', 'haslo139', '2017-01-21 21:23:16'), ('20', 'Piotr.Kaczmarek61@gmail.com', 'Piotr61', 'haslo61', '2017-01-26 21:23:15'), ('21', 'Marianna.Nowakowska132@gmail.com', 'Marianna132', 'haslo132', '2017-01-27 21:23:16'), ('22', 'Katarzyna.Pietrzak92@gmail.com', 'Katarzyna92', 'haslo92', '2017-01-28 21:23:16'), ('23', 'Szymon.Wieczorek197@gmail.com', 'Szymon197', 'haslo197', '2017-02-18 21:23:16'), ('24', 'Wojciech.Wrobel43@gmail.com', 'Wojciech43', 'haslo43', '2017-02-20 21:23:15'), ('25', 'Arkadiusz.Nowak81@gmail.com', 'Arkadiusz81', 'haslo81', '2017-02-21 21:23:16'), ('26', 'Patryk.Krol171@gmail.com', 'Patryk171', 'haslo171', '2017-03-12 21:23:16'), ('27', 'Magdalena.Malinowska168@gmail.com', 'Magdalena168', 'haslo168', '2017-03-28 21:23:16'), ('28', 'Halina.Michalska186@gmail.com', 'Halina186', 'haslo186', '2017-03-29 21:23:16'), ('29', 'Dorota.Adamczyk128@gmail.com', 'Dorota128', 'haslo128', '2017-04-30 21:23:16'), ('30', 'Dawid.Pawlak57@gmail.com', 'Dawid57', 'haslo57', '2017-05-07 21:23:15'), ('31', 'Tadeusz.Wojcik13@gmail.com', 'Tadeusz13', 'haslo13', '2017-06-01 21:23:15'), ('32', 'Martyna.Zalewska162@gmail.com', 'Martyna162', 'haslo162', '2017-06-11 21:23:16'), ('33', 'Leszek.Lewandowski51@gmail.com', 'Leszek51', 'haslo51', '2017-06-16 21:23:15'), ('34', 'Damian.Krawczyk107@gmail.com', 'Damian107', 'haslo107', '2017-06-20 21:23:16'), ('35', 'Maria.Adamczyk100@gmail.com', 'Maria100', 'haslo100', '2017-07-09 21:23:16'), ('36', 'Damian.Michalski9@gmail.com', 'Damian9', 'haslo9', '2017-07-20 21:23:15'), ('37', 'Patrycja.Lewandowska178@gmail.com', 'Patrycja178', 'haslo178', '2017-07-22 21:23:16'), ('38', 'Krzysztof.Nowakowski19@gmail.com', 'Krzysztof19', 'haslo19', '2017-08-29 21:23:15'), ('39', 'Janusz.Lewandowski117@gmail.com', 'Janusz117', 'haslo117', '2017-08-31 21:23:16'), ('40', 'Urszula.Pietrzak34@gmail.com', 'Urszula34', 'haslo34', '2017-09-10 21:23:15'), ('41', 'Hanna.Michalak126@gmail.com', 'Hanna126', 'haslo126', '2017-09-10 21:23:16'), ('42', 'Paulina.Kwiatkowska90@gmail.com', 'Paulina90', 'haslo90', '2017-09-13 21:23:16'), ('43', 'Wiktor.Wisniewski29@gmail.com', 'Wiktor29', 'haslo29', '2017-09-14 21:23:15'), ('44', 'Renata.Nowakowska110@gmail.com', 'Renata110', 'haslo110', '2017-09-29 21:23:16'), ('45', 'Tomasz.Gorski63@gmail.com', 'Tomasz63', 'haslo63', '2017-10-06 21:23:15'), ('46', 'Barbara.Sikora94@gmail.com', 'Barbara94', 'haslo94', '2017-10-31 21:23:16'), ('47', 'Renata.Tomaszewska76@gmail.com', 'Renata76', 'haslo76', '2017-12-02 21:23:16'), ('48', 'Krystian.Kozlowski147@gmail.com', 'Krystian147', 'haslo147', '2017-12-07 21:23:16'), ('49', 'Barbara.Szymanska14@gmail.com', 'Barbara14', 'haslo14', '2017-12-18 21:23:15'), ('50', 'Monika.Grabowska140@gmail.com', 'Monika140', 'haslo140', '2017-12-26 21:23:16'), ('51', 'Daniel.Walczak71@gmail.com', 'Daniel71', 'haslo71', '2018-01-04 21:23:15'), ('52', 'Leszek.Tomaszewski111@gmail.com', 'Leszek111', 'haslo111', '2018-01-21 21:23:16'), ('53', 'Patryk.Baran167@gmail.com', 'Patryk167', 'haslo167', '2018-01-31 21:23:16'), ('54', 'Zofia.Wisniewska184@gmail.com', 'Zofia184', 'haslo184', '2018-02-02 21:23:16'), ('55', 'Monika.Piotrowska136@gmail.com', 'Monika136', 'haslo136', '2018-02-15 21:23:16'), ('56', 'Patryk.Krawczyk161@gmail.com', 'Patryk161', 'haslo161', '2018-02-20 21:23:16'), ('57', 'Helena.Wieczorek8@gmail.com', 'Helena8', 'haslo8', '2018-03-01 21:23:15'), ('58', 'Artur.Dabrowski69@gmail.com', 'Artur69', 'haslo69', '2018-03-15 21:23:15'), ('59', 'Wiktoria.Michalska166@gmail.com', 'Wiktoria166', 'haslo166', '2018-03-20 21:23:16'), ('60', 'Helena.Szymanska60@gmail.com', 'Helena60', 'haslo60', '2018-03-23 21:23:15'), ('61', 'Zuzanna.Nowakowska52@gmail.com', 'Zuzanna52', 'haslo52', '2018-03-26 21:23:15'), ('62', 'Artur.Kozlowski177@gmail.com', 'Artur177', 'haslo177', '2018-03-26 21:23:16'), ('63', 'Agnieszka.Baran70@gmail.com', 'Agnieszka70', 'haslo70', '2018-04-23 21:23:15'), ('64', 'Patrycja.Nowicka156@gmail.com', 'Patrycja156', 'haslo156', '2018-05-17 21:23:16'), ('65', 'Janina.Pawlak78@gmail.com', 'Janina78', 'haslo78', '2018-05-25 21:23:16'), ('66', 'Patryk.Gorski65@gmail.com', 'Patryk65', 'haslo65', '2018-06-19 21:23:15'), ('67', 'Monika.Pawlak96@gmail.com', 'Monika96', 'haslo96', '2018-06-21 21:23:16'), ('68', 'Bogdan.Witkowski165@gmail.com', 'Bogdan165', 'haslo165', '2018-07-06 21:23:16'), ('69', 'Janina.Stepien192@gmail.com', 'Janina192', 'haslo192', '2018-07-08 21:23:16'), ('70', 'Marian.Tomaszewski115@gmail.com', 'Marian115', 'haslo115', '2018-07-22 21:23:16'), ('71', 'Julia.Nowak198@gmail.com', 'Julia198', 'haslo198', '2018-08-07 21:23:16'), ('72', 'Krystyna.Malinowska196@gmail.com', 'Krystyna196', 'haslo196', '2018-08-17 21:23:16'), ('73', 'Sylwia.Wroblewska176@gmail.com', 'Sylwia176', 'haslo176', '2018-08-21 21:23:16'), ('74', 'Kacper.Tomaszewski187@gmail.com', 'Kacper187', 'haslo187', '2018-08-28 21:23:16'), ('75', 'Natalia.Kozlowska12@gmail.com', 'Natalia12', 'haslo12', '2018-09-05 21:23:15'), ('76', 'Irena.Sikora182@gmail.com', 'Irena182', 'haslo182', '2018-09-14 21:23:16'), ('77', 'Oliwia.Nowicka102@gmail.com', 'Oliwia102', 'haslo102', '2018-09-15 21:23:16'), ('78', 'Kazimierz.Wisniewski169@gmail.com', 'Kazimierz169', 'haslo169', '2018-10-06 21:23:16'), ('79', 'Wiktoria.Jablonska200@gmail.com', 'Wiktoria200', 'haslo200', '2018-10-12 21:23:16'), ('80', 'Paulina.Grabowska98@gmail.com', 'Paulina98', 'haslo98', '2018-11-04 21:23:16'), ('81', 'Janina.Stepien164@gmail.com', 'Janina164', 'haslo164', '2018-11-09 21:23:16'), ('82', 'Marzena.Pietrzak6@gmail.com', 'Marzena6', 'haslo6', '2018-11-14 21:23:15'), ('83', 'Hanna.Michalska108@gmail.com', 'Hanna108', 'haslo108', '2018-11-16 21:23:16'), ('84', 'Patrycja.Ostrowska116@gmail.com', 'Patrycja116', 'haslo116', '2018-11-16 21:23:16'), ('85', 'Dawid.Ostrowski157@gmail.com', 'Dawid157', 'haslo157', '2018-11-30 21:23:16'), ('86', 'Maja.Rutkowska148@gmail.com', 'Maja148', 'haslo148', '2018-12-03 21:23:16'), ('87', 'Joanna.Zalewska64@gmail.com', 'Joanna64', 'haslo64', '2018-12-15 21:23:15'), ('88', 'Grzegorz.Grabowski143@gmail.com', 'Grzegorz143', 'haslo143', '2018-12-25 21:23:16'), ('89', 'Aneta.Wroblewska22@gmail.com', 'Aneta22', 'haslo22', '2018-12-31 21:23:15'), ('90', 'Szymon.Piotrowski1@gmail.com', 'Szymon1', 'haslo1', '2019-01-01 21:23:15'), ('91', 'Justyna.Kozlowska124@gmail.com', 'Justyna124', 'haslo124', '2019-01-02 21:23:16'), ('92', 'Katarzyna.Kozlowska152@gmail.com', 'Katarzyna152', 'haslo152', '2019-01-20 21:23:16'), ('93', 'Barbara.Wrobel38@gmail.com', 'Barbara38', 'haslo38', '2019-02-07 21:23:15'), ('94', 'Franciszek.Kozlowski41@gmail.com', 'Franciszek41', 'haslo41', '2019-02-20 21:23:15'), ('95', 'Antoni.Kowalski119@gmail.com', 'Antoni119', 'haslo119', '2019-02-22 21:23:16'), ('96', 'Izabela.Michalak118@gmail.com', 'Izabela118', 'haslo118', '2019-02-24 21:23:16'), ('97', 'Artur.Szymanski3@gmail.com', 'Artur3', 'haslo3', '2019-03-09 21:23:15'), ('98', 'Dariusz.Michalski79@gmail.com', 'Dariusz79', 'haslo79', '2019-03-19 21:23:16'), ('99', 'Jakub.Duda85@gmail.com', 'Jakub85', 'haslo85', '2019-03-25 21:23:16'), ('100', 'Janusz.Jankowski199@gmail.com', 'Janusz199', 'haslo199', '2019-03-25 21:23:16'), ('101', 'Magdalena.Zielinska150@gmail.com', 'Magdalena150', 'haslo150', '2019-03-31 21:23:16'), ('102', 'Jacek.Baran191@gmail.com', 'Jacek191', 'haslo191', '2019-04-10 21:23:16'), ('103', 'Ewa.Grabowska154@gmail.com', 'Ewa154', 'haslo154', '2019-04-12 21:23:16'), ('104', 'Jolanta.Baran46@gmail.com', 'Jolanta46', 'haslo46', '2019-04-13 21:23:15'), ('105', 'Iwona.Stepien142@gmail.com', 'Iwona142', 'haslo142', '2019-04-22 21:23:16'), ('106', 'Urszula.Wojcik54@gmail.com', 'Urszula54', 'haslo54', '2019-04-27 21:23:15'), ('107', 'Filip.Walczak45@gmail.com', 'Filip45', 'haslo45', '2019-04-29 21:23:15'), ('108', 'Barbara.Pawlak36@gmail.com', 'Barbara36', 'haslo36', '2019-05-04 21:23:15'), ('109', 'Robert.Jankowski59@gmail.com', 'Robert59', 'haslo59', '2019-07-04 21:23:15'), ('110', 'Szymon.Zalewski39@gmail.com', 'Szymon39', 'haslo39', '2019-07-07 21:23:15'), ('111', 'Andrzej.Adamczyk181@gmail.com', 'Andrzej181', 'haslo181', '2019-07-13 21:23:16'), ('112', 'Jan.Kozlowski27@gmail.com', 'Jan27', 'haslo27', '2019-07-21 21:23:15'), ('113', 'Halina.Pietrzak190@gmail.com', 'Halina190', 'haslo190', '2019-07-23 21:23:16'), ('114', 'Marzena.Malinowska120@gmail.com', 'Marzena120', 'haslo120', '2019-07-25 21:23:16'), ('115', 'Patryk.Wisniewski123@gmail.com', 'Patryk123', 'haslo123', '2019-07-25 21:23:16'), ('116', 'Waldemar.Mazur25@gmail.com', 'Waldemar25', 'haslo25', '2019-08-16 21:23:15'), ('117', 'Jan.Kaminski23@gmail.com', 'Jan23', 'haslo23', '2019-08-28 21:23:15'), ('118', 'Gabriela.Sikora112@gmail.com', 'Gabriela112', 'haslo112', '2019-10-08 21:23:16'), ('119', 'Martyna.Kozlowska122@gmail.com', 'Martyna122', 'haslo122', '2019-10-23 21:23:16'), ('120', 'Helena.Wojcik80@gmail.com', 'Helena80', 'haslo80', '2019-10-28 21:23:16'), ('121', 'Filip.Michalski31@gmail.com', 'Filip31', 'haslo31', '2019-11-18 21:23:15'), ('122', 'Aleksander.Wrobel87@gmail.com', 'Aleksander87', 'haslo87', '2019-11-24 21:23:16'), ('123', 'Marta.Nowicka114@gmail.com', 'Marta114', 'haslo114', '2019-11-24 21:23:16'), ('124', 'Krzysztof.Stepien21@gmail.com', 'Krzysztof21', 'haslo21', '2019-11-26 21:23:15'), ('125', 'Irena.Lewandowska68@gmail.com', 'Irena68', 'haslo68', '2019-11-29 21:23:15'), ('126', 'Renata.Nowakowska188@gmail.com', 'Renata188', 'haslo188', '2019-12-05 21:23:16'), ('127', 'Henryk.Tomaszewski47@gmail.com', 'Henryk47', 'haslo47', '2019-12-09 21:23:15'), ('128', 'Waldemar.Zajac135@gmail.com', 'Waldemar135', 'haslo135', '2019-12-10 21:23:16'), ('129', 'Dawid.Pawlak7@gmail.com', 'Dawid7', 'haslo7', '2019-12-11 21:23:15'), ('130', 'Sylwia.Adamczyk66@gmail.com', 'Sylwia66', 'haslo66', '2019-12-11 21:23:15'), ('131', 'Paulina.Kaminska130@gmail.com', 'Paulina130', 'haslo130', '2019-12-11 21:23:16'), ('132', 'Waldemar.Kwiatkowski93@gmail.com', 'Waldemar93', 'haslo93', '2019-12-12 21:23:16'), ('133', 'Barbara.Pawlowska158@gmail.com', 'Barbara158', 'haslo158', '2019-12-12 21:23:16'), ('134', 'Zbigniew.Szewczyk175@gmail.com', 'Zbigniew175', 'haslo175', '2019-12-31 21:23:16'), ('135', 'Zofia.Rutkowska44@gmail.com', 'Zofia44', 'haslo44', '2020-01-01 21:23:15'), ('136', 'Sylwia.Adamczyk146@gmail.com', 'Sylwia146', 'haslo146', '2020-01-27 21:23:16'), ('137', 'Arkadiusz.Ostrowski75@gmail.com', 'Arkadiusz75', 'haslo75', '2020-01-28 21:23:16'), ('138', 'Ewelina.Jablonska74@gmail.com', 'Ewelina74', 'haslo74', '2020-02-01 21:23:16'), ('139', 'Janusz.Jankowski121@gmail.com', 'Janusz121', 'haslo121', '2020-02-03 21:23:16'), ('140', 'Wojciech.Zalewski173@gmail.com', 'Wojciech173', 'haslo173', '2020-02-10 21:23:16'), ('141', 'Jacek.Kaminski49@gmail.com', 'Jacek49', 'haslo49', '2020-02-14 21:23:15'), ('142', 'Kazimierz.Zalewski77@gmail.com', 'Kazimierz77', 'haslo77', '2020-02-16 21:23:16'), ('143', 'Katarzyna.Wozniak134@gmail.com', 'Katarzyna134', 'haslo134', '2020-02-21 21:23:16'), ('144', 'Klaudia.Zalewska10@gmail.com', 'Klaudia10', 'haslo10', '2020-02-26 21:23:15'), ('145', 'Irena.Dudek40@gmail.com', 'Irena40', 'haslo40', '2020-03-03 21:23:15'), ('146', 'Robert.Kowalczyk133@gmail.com', 'Robert133', 'haslo133', '2020-03-05 21:23:16'), ('147', 'Robert.Jankowski103@gmail.com', 'Robert103', 'haslo103', '2020-03-06 21:23:16'), ('148', 'Henryk.Kwiatkowski141@gmail.com', 'Henryk141', 'haslo141', '2020-03-18 21:23:16'), ('149', 'Irena.Lewandowska72@gmail.com', 'Irena72', 'haslo72', '2020-03-29 21:23:15'), ('150', 'Maciej.Witkowski149@gmail.com', 'Maciej149', 'haslo149', '2020-04-06 21:23:16'), ('151', 'Damian.Nowak73@gmail.com', 'Damian73', 'haslo73', '2020-04-07 21:23:16'), ('152', 'Bartosz.Szewczyk113@gmail.com', 'Bartosz113', 'haslo113', '2020-04-08 21:23:16'), ('153', 'Dominik.Wojciechowski193@gmail.com', 'Dominik193', 'haslo193', '2020-04-19 21:23:16'), ('154', 'Henryk.Malinowski153@gmail.com', 'Henryk153', 'haslo153', '2020-05-11 21:23:16'), ('155', 'Emilia.Kaczmarek2@gmail.com', 'Emilia2', 'haslo2', '2020-05-16 21:23:15'), ('156', 'Natalia.Nowicka62@gmail.com', 'Natalia62', 'haslo62', '2020-05-25 21:23:15'), ('157', 'Artur.Dabrowski145@gmail.com', 'Artur145', 'haslo145', '2020-06-08 21:23:16'), ('158', 'Agnieszka.Mazur26@gmail.com', 'Agnieszka26', 'haslo26', '2020-06-22 21:23:15'), ('159', 'Arkadiusz.Dabrowski163@gmail.com', 'Arkadiusz163', 'haslo163', '2020-07-01 21:23:16'), ('160', 'Irena.Witkowska58@gmail.com', 'Irena58', 'haslo58', '2020-07-02 21:23:15'), ('161', 'Henryk.Krawczyk55@gmail.com', 'Henryk55', 'haslo55', '2020-07-06 21:23:15'), ('162', 'Dominik.Piotrowski183@gmail.com', 'Dominik183', 'haslo183', '2020-07-25 21:23:16'), ('163', 'Zuzanna.Dabrowska174@gmail.com', 'Zuzanna174', 'haslo174', '2020-07-26 21:23:16'), ('164', 'Krystyna.Sikora30@gmail.com', 'Krystyna30', 'haslo30', '2020-07-27 21:23:15'), ('165', 'Klaudia.Dabrowska4@gmail.com', 'Klaudia4', 'haslo4', '2020-08-05 21:23:15'), ('166', 'Irena.Tomaszewska170@gmail.com', 'Irena170', 'haslo170', '2020-08-16 21:23:16'), ('167', 'Janusz.Jankowski33@gmail.com', 'Janusz33', 'haslo33', '2020-08-27 21:23:15'), ('168', 'Leszek.Zajac95@gmail.com', 'Leszek95', 'haslo95', '2020-08-30 21:23:16'), ('169', 'Marta.Zielinska18@gmail.com', 'Marta18', 'haslo18', '2020-09-22 21:23:15'), ('170', 'Jan.Nowicki99@gmail.com', 'Jan99', 'haslo99', '2020-09-24 21:23:16'), ('171', 'Andrzej.Majewski129@gmail.com', 'Andrzej129', 'haslo129', '2020-09-26 21:23:16'), ('172', 'Marta.Olszewska82@gmail.com', 'Marta82', 'haslo82', '2020-10-16 21:23:16'), ('173', 'Bartosz.Wojcik159@gmail.com', 'Bartosz159', 'haslo159', '2020-10-23 21:23:16'), ('174', 'Kamil.Tomaszewski137@gmail.com', 'Kamil137', 'haslo137', '2020-10-26 21:23:16'), ('175', 'Gabriela.Szymanska160@gmail.com', 'Gabriela160', 'haslo160', '2020-11-07 21:23:16'), ('176', 'Aleksander.Wojciechowski67@gmail.com', 'Aleksander67', 'haslo67', '2020-11-21 21:23:15'), ('177', 'Tadeusz.Wrobel125@gmail.com', 'Tadeusz125', 'haslo125', '2020-12-03 21:23:16'), ('178', 'Aleksander.Pietrzak15@gmail.com', 'Aleksander15', 'haslo15', '2020-12-05 21:23:15'), ('179', 'Martyna.Dabrowska172@gmail.com', 'Martyna172', 'haslo172', '2020-12-06 21:23:16'), ('180', 'Ewa.Pawlowska144@gmail.com', 'Ewa144', 'haslo144', '2020-12-08 21:23:16'), ('181', 'Barbara.Zalewska180@gmail.com', 'Barbara180', 'haslo180', '2020-12-23 21:23:16'), ('182', 'Konrad.Dabrowski189@gmail.com', 'Konrad189', 'haslo189', '2020-12-24 21:23:16'), ('183', 'Mariusz.Kaczmarek35@gmail.com', 'Mariusz35', 'haslo35', '2020-12-26 21:23:15'), ('184', 'Gabriela.Krol28@gmail.com', 'Gabriela28', 'haslo28', '2021-01-19 21:23:15'), ('185', 'Monika.Nowakowska16@gmail.com', 'Monika16', 'haslo16', '2021-01-24 21:23:15'), ('186', 'Dorota.Nowicka24@gmail.com', 'Dorota24', 'haslo24', '2021-02-02 21:23:15'), ('187', 'Helena.Nowakowska20@gmail.com', 'Helena20', 'haslo20', '2021-02-07 21:23:15'), ('188', 'Natalia.Rutkowska32@gmail.com', 'Natalia32', 'haslo32', '2021-02-08 21:23:15'), ('189', 'Katarzyna.Szymanska56@gmail.com', 'Katarzyna56', 'haslo56', '2021-02-11 21:23:15'), ('190', 'Krzysztof.Wojcik155@gmail.com', 'Krzysztof155', 'haslo155', '2021-02-18 21:23:16'), ('191', 'Janusz.Wojciechowski83@gmail.com', 'Janusz83', 'haslo83', '2021-02-20 21:23:16'), ('192', 'Adrian.Kowalczyk5@gmail.com', 'Adrian5', 'haslo5', '2021-03-08 21:23:15'), ('193', 'Tadeusz.Adamczyk53@gmail.com', 'Tadeusz53', 'haslo53', '2021-03-14 21:23:15'), ('194', 'Patrycja.Pawlak104@gmail.com', 'Patrycja104', 'haslo104', '2021-03-20 21:23:16'), ('195', 'Teresa.Zajac106@gmail.com', 'Teresa106', 'haslo106', '2021-04-05 21:23:16'), ('196', 'Jolanta.Kozlowska88@gmail.com', 'Jolanta88', 'haslo88', '2021-04-15 21:23:16'), ('197', 'Leszek.Michalak179@gmail.com', 'Leszek179', 'haslo179', '2021-04-16 21:23:16'), ('198', 'Renata.Kaminska86@gmail.com', 'Renata86', 'haslo86', '2021-05-09 21:23:16'), ('199', 'Krystian.Kozlowski11@gmail.com', 'Krystian11', 'haslo11', '2021-05-20 21:23:15'), ('200', 'Jakub.Krawczyk105@gmail.com', 'Jakub105', 'haslo105', '2021-05-20 21:23:16');

CREATE TABLE kraje_produkcji (kod_kraju	CHAR(3) not null, PRIMARY KEY (kod_kraju), kraj VARCHAR(30) not null);

INSERT INTO kraje_produkcji (kod_kraju, kraj)
VALUES ('AUS', 'Australia'), ('CZE', 'Czechy'), ('FRA', 'Francja'), ('ESP', 'Hiszpania'), ('HKG', 'Hongkong'), ('CAN', 'Kanada'), ('DEU', 'Niemcy'), ('NOR', 'Norwegia'), ('NZL', 'Nowa Zelandia'), ('POL', 'Polska'), ('USA', 'Stany Zjednoczone'), ('SWE', 'Szwecja'), ('GBR', 'Wielka Brytania'), ('ITA', 'Włochy');

CREATE TABLE gatunki (id_gatunku int AUTO_INCREMENT not null, PRIMARY KEY (id_gatunku), nazwa_gatunku VARCHAR(30) not null);

INSERT INTO gatunki (id_gatunku, nazwa_gatunku)
VALUES ('1', 'Akcja'), ('2', 'Animacja'), ('3', 'Biograficzny'), ('4', 'Dramat'), ('5', 'Dramat historyczny'), ('6', 'Dramat obyczajowy'), 
('7', 'Dramat sądowy'), ('8', 'Familijny'), ('9', 'Fantasy'), ('10', 'Gangsterski'), ('11', 'Horror'), ('12', 'Katastroficzny'), 
('13', 'Komedia'), ('14', 'Komedia kryminalna'), ('15', 'Kostiumowy'), ('16', 'Kryminał'), ('17', 'Melodramat'), ('18', 'Muzyczny'), 
('19', 'Przygodowy'), ('20', 'Psychologiczny'), ('21', 'Sci-Fi'), ('22', 'Sensacyjny'), ('23', 'Surrealistyczny'), ('24', 'Thriller'), 
('25', 'Western'), ('26', 'Wojenny');

CREATE TABLE rezyserzy (id_rezysera int AUTO_INCREMENT not null, PRIMARY KEY (id_rezysera), nazwa_rezysera VARCHAR(100) not null);

INSERT INTO rezyserzy (id_rezysera, nazwa_rezysera)
VALUES ('1', 'Andrew Adamson'), ('2', 'Andrew Niccol'), ('3', 'Brian De Palma'), ('4', 'Chris Columbus'), ('5', 'Chris Wedge'), ('6', 'Christopher Nolan'), ('7', 'Clint Eastwood'), ('8', 'Damien Chazelle'), ('9', 'Danny Boyle'), ('10', 'Darren Aronofsky'), ('11', 'David Fincher'), ('12', 'David Koepp'), ('13', 'Doug Liman'), ('14', 'Francis Coppola'), ('15', 'Francis Lawrence'), ('16', 'Frank Darabont'), ('17', 'Gabriele Muccino'), ('18', 'Gore Verbinski'), ('19', 'Gus Van Sant'), ('20', 'Guy Ritchie'), ('21', 'Iain Softley'), ('22', 'Jonathan Gruber'), ('23', 'James Cameron'), ('24', 'James Mangold'), ('25', 'James McTeigue'), ('26', 'Jonathan Demme'), ('27', 'Juliusz Machulski'), ('28', 'Lasse Hallström'), ('29', 'Lexi Alexander'), ('30', 'Lilly Wachowski'), ('31', 'Luc Besson'), ('32', 'Łukasz Palkowski'), ('33', 'Manoj Shyamalan'), ('34', 'Marc Forster'), ('35', 'Marek Koterski'), ('36', 'Mark Herman'), ('37', 'Martin Brest'), ('38', 'Martin Scorsese'), ('39', 'Mel Gibson'), ('40', 'Miloš Forman'), ('41', 'Neil Burger'), ('42', 'Nick Cassavetes'), ('43', 'Olaf Lubaszenko'), ('44', 'Olivier Nakache'), ('45', 'Peter Jackson'), ('46', 'Peter Weir'), ('47', 'Quentin Tarantino'), ('48', 'Richard Kelly'), ('49', 'Ridley Scott'), ('50', 'Rob Minkoff'), ('51', 'Robert Zemeckis'), ('52', 'Roberto Benigni'), ('53', 'Roman Polański'), ('54', 'Ron Howard'), ('55', 'Sam Mendes'), ('56', 'Sean Penn'), ('57', 'Sidney Lumet'), ('58', 'Stanley Kubrick'), ('59', 'Steven Spielberg'), ('60', 'Taylor Hackford'), ('61', 'Tim Burton'), ('62', 'Todd Phillips'), ('63', 'Tom Hooper'), ('64', 'Tom Shadyac'), ('65', 'Tom Tykwer'), ('66', 'Tony Kaye'), ('67', 'Zack Snyder');

CREATE TABLE stawki_cenowe (id_ceny int AUTO_INCREMENT not null, PRIMARY KEY (id_ceny), wartosc DECIMAL(4,2));

INSERT INTO stawki_cenowe (id_ceny, wartosc)
VALUES ('1', '9.99'), ('2', '19.99'), ('3', '29.99');

CREATE TABLE filmy (id_filmu int AUTO_INCREMENT not null, PRIMARY KEY (id_filmu), tytul VARCHAR(50) not null, rok int not null, 
gatunek1 int not null, foreign key (gatunek1) references gatunki(id_gatunku), gatunek2 int, foreign key (gatunek2) references gatunki(id_gatunku), 
gatunek3 int, foreign key (gatunek3) references gatunki(id_gatunku), kraj1 CHAR(3) not null, foreign key (kraj1) references kraje_produkcji(kod_kraju), 
kraj2 CHAR(3), foreign key (kraj2) references kraje_produkcji(kod_kraju), kraj3 CHAR(3), foreign key (kraj3) references kraje_produkcji(kod_kraju), 
rezyser int not null, foreign key (rezyser) references rezyserzy(id_rezysera), opis VARCHAR(500), id_ceny int not null, foreign key (id_ceny) references stawki_cenowe(id_ceny), 
liczba_wypozyczen int not null, liczba_ocen int not null, srednia_ocen float not null, data_dodania datetime not null);

CREATE UNIQUE INDEX index_filmy ON filmy (tytul);

-- dodanie 100 rekordow do tabeli filmy
INSERT INTO filmy (id_filmu, tytul, rok, rezyser, gatunek1, gatunek2, gatunek3, kraj1, kraj2, kraj3, opis, id_ceny, liczba_wypozyczen, liczba_ocen, srednia_ocen, data_dodania) 
VALUES ('1', 'Podziemny krąg', '1999', '11', '24', '20', NULL, 'DEU', 'USA', NULL, 'Dwóch mężczyzn znudzonych rutyną zakłada klub, w którym co tydzień odbywają się walki na gołe pięści.', '2', '0', '0', '0','2016-07-07 21:23:17'), ('2', 'Harry Potter i Kamień Filozoficzny', '2001', '4', '8', '9', '19', 'USA', 'GBR', NULL, 'W dniu jedenastych urodzin Harry dowiaduje się, że jest czarodziejem. Czeka na niego szkoła magii pełna tajemnic.', '2', '0', '0', '0','2016-07-13 21:23:17'), ('3', 'Dzień świra', '2002', '35', '4', '13', '20', 'POL', NULL, NULL, 'Adaś Miauczyński, 49-letni rozwiedziony polonista, żyje w kręgu swoich natręctw, nie potrafiąc wyrwać się z nudy i rutyny dnia codziennego.', '3', '0', '0', '0','2016-10-12 21:23:17'), ('4', 'Mroczny Rycerz', '2008', '6', '1', '21', NULL, 'USA', 'GBR', NULL, 'Batman, z pomocą porucznika Gordona oraz prokuratora Harveya Denta, występuje przeciwko przerażającemu i nieobliczalnemu Jokerowi, który chce pogrążyć Gotham City w chaosie.', '3', '0', '0', '0','2016-10-12 21:23:17'), ('5', 'Pulp Fiction', '1994', '47', '10', NULL, NULL, 'USA', NULL, NULL, 'Przemoc i odkupienie w opowieści o dwóch płatnych mordercach pracujących na zlecenie mafii, żonie gangstera, bokserze i parze okradającej ludzi w restauracji.', '1', '0', '0', '0','2016-10-30 21:23:17'), ('6', 'Ojciec chrzestny', '1972', '14', '4', '10', NULL, 'USA', NULL, NULL, 'Opowieść o nowojorskiej rodzinie mafijnej. Starzejący się Don Corleone pragnie przekazać władzę swojemu synowi.', '1', '0', '0', '0','2016-11-06 21:23:17'), ('7', 'Dwunastu gniewnych ludzi', '1957', '57', '7', NULL, NULL, 'USA', NULL, NULL, 'Dwunastu przysięgłych ma wydać wyrok w procesie o morderstwo. Jeden z nich ma wątpliwości dotyczące winy oskarżonego.', '3', '0', '0', '0','2016-11-07 21:23:17'), ('8', 'Django', '2012', '47', '25', NULL, NULL, 'USA', NULL, NULL, 'Łowca nagród Schultz i czarnoskóry niewolnik Django wyruszają w podróż, aby odbić żonę tego drugiego z rąk bezlitosnego Calvina Candie\'ego.', '1', '0', '0', '0','2016-11-21 21:23:17'), ('9', 'Mechaniczna pomarańcza', '1971', '58', '4', '21', NULL, 'USA', 'GBR', NULL, 'Alex DeLarge wraz ze swoim gangiem sieje spustoszenie na ulicach. Kiedy trafia do więzienia, otrzymuje propozycję odmiany swojego życia.', '3', '0', '0', '0','2017-02-14 21:23:17'), ('10', 'Skazani na Shawshank', '1994', '16', '4', NULL, NULL, 'USA', NULL, NULL, 'Adaptacja opowiadania Stephena Kinga. Niesłusznie skazany na dożywocie bankier, stara się przetrwać w brutalnym, więziennym świecie.', '1', '0', '0', '0','2017-04-05 21:23:17'), ('11', 'Przerwana lekcja muzyki', '1999', '24', '3', '4', '20', 'DEU', 'USA', NULL, 'Susanna poznaje Lisę w zakładzie psychiatrycznym. Od niej uczy się akceptacji siebie.', '2', '0', '0', '0','2017-05-08 21:23:17'), ('12', 'Shrek', '2001', '1', '2', '8', '13', 'USA', NULL, NULL, 'By odzyskać swój dom, brzydki ogr z gadatliwym osłem wyruszają uwolnić piękną księżniczkę.', '3', '0', '0', '0','2017-06-13 21:23:17'), ('13', 'Chłopcy z ferajny', '1990', '38', '4', '10', NULL, 'USA', NULL, NULL, 'Kilkunastoletni Henry i Tommy DeVito trafiają pod opiekę potężnego gangstera. Obaj szybko uczą się panujących w mafii reguł.', '1', '0', '0', '0','2017-06-23 21:23:17'), ('14', 'Król Lew', '1994', '50', '2', '8', NULL, 'USA', NULL, NULL, 'Targany niesłusznymi wyrzutami sumienia po śmierci ojca mały lew Simba skazuje się na wygnanie, rezygnując z przynależnego mu miejsca na czele stada.', '3', '0', '0', '0','2017-06-29 21:23:17'), ('15', 'Życie jest piękne', '1997', '52', '4', '13', '26', 'ITA', NULL, NULL, 'Zamknięty w obozie koncentracyjnym wraz z synem Guido próbuje przekonać chłopca, że okrutna rzeczywistość jest jedynie formą zabawy dla dorosłych.', '3', '0', '0', '0','2017-07-29 21:23:17'), ('16', 'Donnie Darko', '2001', '48', '4', NULL, NULL, 'USA', NULL, NULL, 'Donnie Darko, uważany za nastolatka z zaburzeniami osobowości, spotyka Franka - tajemniczą postać w kostiumie królika, która zaczyna manipulować jego życiem.', '3', '0', '0', '0','2017-08-04 21:23:17'), ('17', 'Hooligans', '2005', '29', '4', NULL, NULL, 'USA', 'GBR', NULL, 'Matt Buckner po wyrzuceniu ze studiów przyjeżdża do siostry mieszkającej w Londynie. Tam wchodzi w środowisko kibiców lokalnych klubów piłkarskich.', '2', '0', '0', '0','2017-08-14 21:23:17'), ('18', 'Ciekawy przypadek Benjamina Buttona', '2008', '11', '9', '17', NULL, 'USA', NULL, NULL, 'Historia Benjamina Buttona, który zamiast starzeć się - młodniał.', '1', '0', '0', '0','2017-08-20 21:23:17'), ('19', 'Edward Nożycoręki', '1990', '61', '4', '9', NULL, 'USA', NULL, NULL, 'Delikatny chłopak-cyborg, który zamiast dłoni ma nożyce, nagle zostaje bez opieki swojego twórcy. W pobliskim miasteczku poznaje nastolatkę, a potem zakochuje się w niej.', '2', '0', '0', '0','2017-09-03 21:23:17'), ('20', 'Kiler', '1997', '27', '13', '22', NULL, 'POL', NULL, NULL, 'Jerzy Kiler, warszawski taksówkarz, przypadkowo zostaje wzięty za płatnego zabójcę i umieszczony w areszcie. Wyciąga go stamtąd boss świata przestępczego, który oferuje mu nowe zadanie.', '3', '0', '0', '0','2017-09-28 21:23:17'), ('21', 'Więzień nienawiści', '1998', '66', '4', NULL, NULL, 'USA', NULL, NULL, 'Były neonazista po wyjściu z więzienia stara się przekonać młodszego brata, by nie podążał jego śladem.', '2', '0', '0', '0','2017-09-30 21:23:17'), ('22', 'Incepcja', '2010', '6', '23', '24', '21', 'USA', 'GBR', NULL, 'Czasy, gdy technologia pozwala na wchodzenie w świat snów. Złodziej Cobb ma za zadanie wszczepić myśl do śpiącego umysłu.', '2', '0', '0', '0','2017-10-02 21:23:17'), ('23', 'Bruce Wszechmogący', '2003', '64', '9', '13', NULL, 'USA', NULL, NULL, 'Reporter, który narzekał nadmiernie na Boga, otrzymuje jego moc i przekona się, że nie łatwo jest rządzić światem.', '2', '0', '0', '0','2017-10-17 21:23:17'), ('24', 'Złap mnie, jeśli potrafisz', '2002', '59', '14', NULL, NULL, 'CAN', 'USA', NULL, 'Oparta na faktach historia młodego fałszerza, który w latach 60., podając się za pilotów, lekarzy i profesorów, wyłudził z banków ponad 2,5 mln dolarów.', '3', '0', '0', '0','2017-12-05 21:23:17'), ('25', 'Seksmisja', '1983', '27', '13', '21', NULL, 'POL', NULL, NULL, 'W roku 2044 zostają odhibernowani dwaj ostatni przedstawiciele płci męskiej, wprowadzając chaos do idealnego świata rządzonego przez Ligę Kobiet.', '3', '0', '0', '0','2017-12-27 21:23:17'), ('26', 'Whiplash', '2014', '8', '4', '18', NULL, 'USA', NULL, NULL, 'Młody i ambitny perkusista za wszelką cenę pragnie dołączyć do czołówki najwybitniejszych artystów muzyki jazzowej.', '2', '0', '0', '0','2018-01-04 21:23:17'), ('27', 'Infiltracja', '2006', '38', '16', NULL, NULL, 'HKG', 'USA', NULL, 'Tajny policjant w szeregach grupy przestępczej i informator mafii w bostońskiej jednostce dochodzeniowej toczą ze sobą śmiertelną rozgrywkę.', '1', '0', '0', '0','2018-01-13 21:23:17'), ('28', 'Władca Pierścieni: Drużyna Pierścienia', '2001', '45', '9', '19', NULL, 'NZL', 'USA', NULL, 'Podróż hobbita z Shire i jego ośmiu towarzyszy, której celem jest zniszczenie potężnego pierścienia pożądanego przez Czarnego Władcę - Saurona.', '3', '0', '0', '0','2018-03-06 21:23:17'), ('29', 'K-PAX', '2001', '21', '4', NULL, NULL, 'DEU', 'USA', NULL, 'Prot, pacjent szpitala psychiatrycznego, wierzy, że pochodzi z odległej planety K-PAX. Doktor Mark Powell stara się mu udowodnić, że nie jest to możliwe, ale wkrótce sam zaczyna mieć wątpliwości.', '3', '0', '0', '0','2018-03-13 21:23:17'), ('30', 'Nietykalni', '2011', '44', '3', '4', '13', 'FRA', NULL, NULL, 'Sparaliżowany milioner zatrudnia do opieki młodego chłopaka z przedmieścia, który właśnie wyszedł z więzienia.', '3', '0', '0', '0','2018-03-16 21:23:17'), ('31', 'Lśnienie', '1980', '58', '11', NULL, NULL, 'USA', 'GBR', NULL, 'Jack podejmuje pracę stróża odciętego od świata hotelu Overlook. Wkrótce idylla zamienia się w koszmar.', '1', '0', '0', '0','2018-03-25 21:23:17'), ('32', 'Pamiętnik', '2004', '42', '17', NULL, NULL, 'USA', NULL, NULL, 'Stary mężczyzna czyta chorej na Alzheimera kobiecie pamiętnik opisujący historię miłości dziewczyny z zamożnego domu i ubogiego pracownika tartaku.', '2', '0', '0', '0','2018-03-28 21:23:17'), ('33', 'Marzyciel', '2004', '34', '4', NULL, NULL, 'USA', 'GBR', NULL, 'Historia przyjaźni pisarza Jamesa Barriego z wdową i jej czterema synami, którzy zainspirowali go do napisania "Piotrusia Pana".', '2', '0', '0', '0','2018-04-19 21:23:17'), ('34', 'Wyspa tajemnic', '2010', '38', '4', '24', NULL, 'USA', NULL, NULL, 'Szeryf federalny Daniels stara się dowiedzieć, jakim sposobem z zamkniętej celi w pilnie strzeżonym szpitalu dla chorych psychicznie przestępców zniknęła pacjentka.', '2', '0', '0', '0','2018-04-22 21:23:17'), ('35', 'Filadelfia', '1993', '26', '4', NULL, NULL, 'USA', NULL, NULL, 'Chorujący na AIDS prawnik zostaje zwolniony z pracy. Walcząc o godność, podaje do sądu byłych pracodawców.', '3', '0', '0', '0','2018-04-27 21:23:17'), ('36', 'Braveheart - Waleczne Serce', '1995', '39', '5', NULL, NULL, 'USA', NULL, NULL, 'W XIII-wiecznej Szkocji William Wallace, po zabójstwie swojej żony, zwołuje rodaków do walki ze znienawidzoną angielską monarchią.', '2', '0', '0', '0','2018-05-11 21:23:17'), ('37', 'W pogoni za szczęściem', '2006', '17', '3', '6', NULL, 'USA', NULL, NULL, 'Film oparty na faktach. Chris, samotny ojciec pozbawiony domu, stara się mimo przeciwności losu o posadę w biurze maklerskim.', '3', '0', '0', '0','2018-05-12 21:23:17'), ('38', 'Władca Pierścieni: Dwie wieże', '2002', '45', '9', '19', NULL, 'NZL', 'USA', NULL, 'Drużyna Pierścienia zostaje rozbita, lecz zdesperowany Frodo za wszelką cenę chce wypełnić powierzone mu zadanie. Aragorn z towarzyszami przygotowuje się, by odeprzeć atak hord Sarumana.', '1', '0', '0', '0','2018-05-21 21:23:17'), ('39', 'Szósty zmysł', '1999', '33', '24', NULL, NULL, 'USA', NULL, NULL, 'Psycholog dziecięcy próbuje pomóc ośmioletniemu chłopcu widzącemu zmarłych poradzić sobie z tym niezwykłym darem.', '3', '0', '0', '0','2018-07-04 21:23:17'), ('40', 'Jak zostać królem', '2010', '63', '3', '5', NULL, 'AUS', 'USA', 'GBR', 'Jest rok 1939. Jąkający się król Jerzy VI nie może przemawiać do ludu. Pomocy szuka u niekonwencjonalnego specjalisty od dykcji.', '3', '0', '0', '0','2018-07-19 21:23:17'), ('41', 'V jak Vendetta', '2005', '25', '24', '21', NULL, 'DEU', 'USA', 'GBR', 'W totalitarnej Anglii jedyną osobą walczącą o wolność jest bojownik przebrany za Guya Fawkesa – V, który pewnego dnia uwalnia z rąk agentów rządowych młodą kobietę.', '3', '0', '0', '0','2018-07-24 21:23:17'), ('42', 'Chłopiec w pasiastej piżamie', '2008', '36', '4', '26', NULL, 'USA', 'GBR', NULL, 'Ośmioletni syn niemieckiego oficera SS zaprzyjaźnia się z żydowskim chłopcem przebywającym w obozie.', '2', '0', '0', '0','2018-07-27 21:23:17'), ('43', 'Alicja w Krainie Czarów', '2010', '61', '8', '9', '19', 'USA', NULL, NULL, 'Dziewiętnastoletnia Alicja wraca do krainy z dzieciństwa, gdzie dowiaduje się, że jej przeznaczeniem jest zdetronizować Królową Kier.', '2', '0', '0', '0','2018-07-29 21:23:17'), ('44', 'Kod da Vinci', '2006', '54', '24', NULL, NULL, 'FRA', 'USA ', 'GBR', 'Ekranizacja powieści Dana Browna. Tajemnicze morderstwo w Luwrze staje się kluczem do rozwiązania jednej z największych zagadek strzeżonych przez tajemnicze stowarzyszenie.', '2', '0', '0', '0','2018-08-02 21:23:17'), ('45', 'Iluzjonista', '2006', '41', '9', '15', NULL, 'CZE', 'USA', NULL, 'Wiedeń u progu XX w. Syn rzemieślnika, iluzjonista Eisenheim, wykorzystuje niezwykłe umiejętności, by zdobyć miłość arystokratki, narzeczonej austro-węgierskiego księcia.', '2', '0', '0', '0','2018-08-31 21:23:17'), ('46', 'Piraci z Karaibów: Klątwa Czarnej Perły', '2003', '18', '9', '19', NULL, 'USA', NULL, NULL, 'Kowal Will Turner sprzymierza się z kapitanem Jackiem Sparrowem, by odzyskać swoją miłość - porwaną córkę gubernatora.', '1', '0', '0', '0','2018-09-03 21:23:17'), ('47', 'Interstellar', '2014', '6', '21', NULL, NULL, 'USA', 'GBR', NULL, 'Byt ludzkości na Ziemi dobiega końca wskutek zmian klimatycznych. Grupa naukowców odkrywa tunel czasoprzestrzenny, który umożliwia poszukiwanie nowego domu.', '2', '0', '0', '0','2018-09-14 21:23:17'), ('48', 'Piraci z Karaibów: Skrzynia umarlaka', '2006', '18', '9', '19', NULL, 'USA', NULL, NULL, 'Jack Sparrow musi spłacić dług zaciągnięty wobec kapitana Latającego Holendra. Uniknie śmierci, gdy znajdzie i zniszczy serce Davy\'ego Jonesa ukryte w Skrzyni Umarlaka.', '3', '0', '0', '0','2018-09-15 21:23:17'), ('49', 'Chłopaki nie płaczą', '2000', '43', '13', '22', NULL, 'POL', NULL, NULL, 'Kuba, młody skrzypek, trafia w sam środek gangsterskich porachunków.', '3', '0', '0', '0','2018-09-16 21:23:17'), ('50', 'Forrest Gump', '1994', '51', '4', '13', NULL, 'USA', NULL, NULL, 'Historia życia Forresta, chłopca o niskim ilorazie inteligencji z niedowładem kończyn, który staje się miliarderem i bohaterem wojny w Wietnamie.', '3', '0', '0', '0','2018-10-07 21:23:17'), ('51', 'Piękny umysł', '2001', '54', '3', '4', NULL, 'USA', NULL, NULL, 'Geniusz matematyczny John Nash za wszelką cenę pragnie opracować teorię, dzięki której zostanie cenionym naukowcem. Przeszkodą staje się jego stopniowo rozwijająca choroba.', '1', '0', '0', '0','2018-10-30 21:23:17'), ('52', 'Za wszelką cenę', '2004', '7', '4', NULL, NULL, 'USA', NULL, NULL, 'Trzydziestolatka prosi emerytowanego trenera o pomoc w osiągnięciu sukcesu na ringu boksu zawodowego.', '1', '0', '0', '0','2018-11-25 21:23:17'), ('53', 'Taksówkarz', '1976', '38', '4', NULL, NULL, 'USA', NULL, NULL, 'Weteran wojny w Wietnamie zatrudnia się jako taksówkarz. Jeżdżąc wieczorami po nowojorskich ulicach, dochodzi do wniosku, że musi rozprawić się z "robactwem" tego miasta.', '3', '0', '0', '0','2018-12-11 21:23:17'), ('54', 'Avatar', '2009', '23', '21', NULL, NULL, 'USA', 'GBR', NULL, 'Jake, sparaliżowany były komandos, zostaje wysłany na planetę Pandora, gdzie zaprzyjaźnia się z lokalną społecznością i postanawia jej pomóc.', '3', '0', '0', '0','2018-12-25 21:23:17'), ('55', 'Siedem', '1995', '11', '16', '24', NULL, 'USA', NULL, NULL, 'Dwóch policjantów stara się złapać seryjnego mordercę wybierającego swoje ofiary według specjalnego klucza - siedmiu grzechów głównych.', '2', '0', '0', '0','2018-12-25 21:23:17'), ('56', 'Jestem Bogiem', '2011', '41', '24', '21', NULL, 'USA', NULL, NULL, 'Eddie Morra jest niespełnionym, pogrążonym w depresji pisarzem. Eksperymentalny narkotyk, NZT, powoduje, iż staje się on geniuszem i człowiekiem sukcesu.', '3', '0', '0', '0','2018-12-27 21:23:17'), ('57', 'Sherlock Holmes', '2009', '20', '16', '19', NULL, 'DEU', 'USA', NULL, 'Najsłynniejszy detektyw Sherlock Holmes z nieodłącznym przyjacielem dr. Watsonem szukają sprawcy rytualnych morderstw.', '1', '0', '0', '0','2018-12-31 21:23:17'), ('58', 'Prestiż', '2006', '6', '4', '24', NULL, 'USA', 'GBR', NULL, 'Dwaj młodzi iluzjoniści żyją w przyjaznych stosunkach. Gdy ginie żona jednego z nich, mężczyźni stają się śmiertelnymi wrogami.', '3', '0', '0', '0','2019-01-30 21:23:17'), ('59', 'Adwokat diabła', '1997', '60', '24', NULL, NULL, 'DEU', 'USA', NULL, 'Kevin Lomax - wybitny adwokat, skuszony intratną propozycją pracy, przeprowadza się do Nowego Jorku. Nie zdaje sobie jednak sprawy z tego, kim jest jego chlebodawca.', '1', '0', '0', '0','2019-02-06 21:23:17'), ('60', 'Siedem dusz', '2008', '17', '4', NULL, NULL, 'USA', NULL, NULL, 'Mężczyzna przedstawiający się jako urzędnik podatkowy pojawia się w domach siedmiu śmiertelnie chorych dłużników, by sprawdzić jakimi są ludźmi. Ma dla nich niezwykły dar.', '2', '0', '0', '0','2019-02-10 21:23:17'), ('61', 'Wszystko za życie', '2007', '56', '4', '3', '19', 'USA', NULL, NULL, 'Christopher kończy studia, ale zamiast poświęcić się karierze zawodowej, wyrusza autostopem w kierunku Alaski.', '3', '0', '0', '0','2019-03-04 21:23:17'), ('62', 'Czarny łabędź', '2010', '10', '4', '20', NULL, 'USA', NULL, NULL, 'Nina desperacko pragnie zdobyć rolę w "Jeziorze łabędzim". Gdy jej marzenie się spełnia, odkrywa swoją mroczną stronę.', '3', '0', '0', '0','2019-03-14 21:23:17'), ('63', 'Cast Away - poza światem', '2000', '51', '4', NULL, NULL, 'USA', NULL, NULL, 'W wyniku katastrofy lotniczej inżynier firmy kurierskiej trafia na bezludną wyspę, gdzie musi przeżyć.', '1', '0', '0', '0','2019-04-06 21:23:17'), ('64', 'Władca Pierścieni: Powrót króla', '2003', '45', '9', '19', NULL, 'NZL', 'USA', NULL, 'Zwieńczenie filmowej trylogii wg powieści Tolkiena. Aragorn jednoczy siły Śródziemia, szykując się do bitwy, która ma odwrócić uwagę Saurona od podążających w kierunku Góry Przeznaczenia hobbitów.', '1', '0', '0', '0','2019-04-07 21:23:17'), ('65', 'Gran Torino', '2008', '7', '4', NULL, NULL, 'DEU', 'USA', NULL, 'Walt Kowalski to emerytowany weteran żyjący we własnym poukładanym świecie. Jego spokój zostaje zburzony przez nowych sąsiadów z Azji, których syn spróbuje ukraść mu ulubione auto.', '3', '0', '0', '0','2019-04-23 21:23:17'), ('66', 'Człowiek z blizną', '1983', '3', '4', '10', NULL, 'USA', NULL, NULL, 'Kubański emigrant Tony Montana opuszcza ojczyznę i przybywa do Miami. Razem z przyjacielem, Mannym Riberą, zaczyna pracować dla mafii narkotykowej.', '1', '0', '0', '0','2019-05-24 21:23:17'), ('67', 'Wilk z Wall Street', '2013', '38', '3', '14', NULL, 'USA', NULL, NULL, 'Historia Jordana Belforta, brokera, którego błyskawiczna droga na szczyt i rozrzutny styl życia wzbudziły zainteresowanie FBI.', '3', '0', '0', '0','2019-06-06 21:23:17'), ('68', 'Bogowie', '2014', '32', '3', '4', NULL, 'POL', NULL, NULL, 'Profesor Zbigniew Religa, utalentowany kardiochirurg wierzy, że jest w stanie dokonać przeszczepu serca. Nie poddaje się mimo wielu nieudanych operacji.', '1', '0', '0', '0','2019-06-11 21:23:17'), ('69', 'Pachnidło: Historia mordercy', '2006', '65', '4', '24', NULL, 'FRA', 'ESP', 'USA', 'Ekranizacja powieści Patricka Süskinda. Obdarzony genialnym węchem Jean-Baptiste Grenouille pragnie stworzyć najpiękniejsze pachnidło na świecie.', '1', '0', '0', '0','2019-06-13 21:23:17'), ('70', 'Pan życia i śmierci', '2005', '2', '4', NULL, NULL, 'FRA', 'DEU', 'USA', 'Jurij Orłow, będąc świadkiem morderstwa, zostaje handlarzem bronią. Prowadząc swoją działalność, nieustannie ucieka przed agentem Interpolu, Jackiem Valentinem.', '1', '0', '0', '0','2019-06-30 21:23:17'), ('71', 'Zapach kobiety', '1992', '37', '4', NULL, NULL, 'USA', NULL, NULL, 'Niewidomy emerytowany pułkownik Frank Slade staje się najlepszym nauczycielem życia dla nieśmiałego studenta.', '1', '0', '0', '0','2019-08-06 21:23:17'), ('72', 'Buntownik z wyboru', '1997', '19', '6', NULL, NULL, 'USA', NULL, NULL, 'Will, matematyczny geniusz gardzący formalnym wykształceniem, zostaje oskarżony o pobicie policjanta. Profesor MIT, świadomy talentu chłopaka, proponuje mu, aby w zamian za zwolnienie z aresztu podjął naukę i terapię psychologiczną.', '3', '0', '0', '0','2019-09-01 21:23:17'), ('73', 'Gladiator', '2000', '49', '5', NULL, NULL, 'USA', 'GBR', NULL, 'Generał Maximus - prawa ręka cesarza, szczęśliwy mąż i ojciec - w jednej chwili traci wszystko. Jako niewolnik-gladiator musi walczyć na arenie o przeżycie.', '2', '0', '0', '0','2019-10-07 21:23:17'), ('74', 'Slumdog. Milioner z ulicy', '2008', '9', '4', NULL, NULL, 'GBR', NULL, NULL, 'Opowieść o młodym chłopaku, który bierze udział w hinduskiej edycji "Milionerów".', '3', '0', '0', '0','2019-10-07 21:23:17'), ('75', 'Dziewczyna z tatuażem', '2011', '11', '16', '24', NULL, 'NOR', 'SWE', 'USA', 'Ekranizacja powieści Stiega Larssona. Dziennikarz oskarżony o zniesławienie otrzymuje zlecenie zbadania zaginięcia przed 40 laty 16-letniej Harriet Vanger.', '1', '0', '0', '0','2019-10-07 21:23:17'), ('76', 'Hobbit: Niezwykła podróż', '2012', '45', '9', '19', NULL, 'NZL', 'USA', NULL, 'Hobbit Bilbo Baggins wyrusza w niebezpieczną podroż, by wraz z czarodziejem Gandalfem i trzynastoma krasnoludami pokonać smoka Smauga.', '2', '0', '0', '0','2019-11-09 21:23:17'), ('77', 'Hannibal', '2001', '49', '24', NULL, NULL, 'USA', 'GBR', NULL, 'Dr Hannibal Lecter wraca do Ameryki, by odnowić kontakt z agentką Starling. Jego śladem podąża okaleczony przez niego i pałający żądzą zemsty Mason Verger.', '1', '0', '0', '0','2020-01-23 21:23:17'), ('78', 'Bękarty wojny', '2009', '47', '26', NULL, NULL, 'DEU', 'USA', NULL, 'W okupowanej przez nazistów Francji oddział złożony z Amerykanów żydowskiego pochodzenia planuje zamach na Hitlera.', '3', '0', '0', '0','2020-01-25 21:23:17'), ('79', 'Szeregowiec Ryan', '1998', '59', '4', '26', NULL, 'USA', NULL, NULL, 'W poszukiwaniu zaginionego szeregowca wysłany zostaje doborowy oddział żołnierzy.', '2', '0', '0', '0','2020-02-15 21:23:17'), ('80', 'Jestem legendą', '2007', '15', '11', '21', NULL, 'USA', NULL, NULL, 'Tajemniczy wirus wymordował lub zamienił w krwiożercze bestie prawie całą ludzkość. Samotny naukowiec Robert Neville poszukuje szczepionki, by odwrócić mutację.', '2', '0', '0', '0','2020-03-16 21:23:17'), ('81', 'Mr. & Mrs. Smith', '2005', '13', '1', NULL, NULL, 'USA', NULL, NULL, 'Para płatnych zabójców pracujących dla dwóch tajnych agencji wiedzie monotonne małżeńskie życie. Niespodziewanie dostają zlecenie na siebie nawzajem.', '3', '0', '0', '0','2020-03-25 21:23:17'), ('82', 'Requiem dla snu', '2000', '10', '4', NULL, NULL, 'USA', NULL, NULL, 'Historia czwórki bohaterów, dla których używki są ucieczką przed otaczającą ich rzeczywistością.', '3', '0', '0', '0','2020-04-04 21:23:17'), ('83', 'Sekretne okno', '2004', '12', '24', NULL, NULL, 'USA', NULL, NULL, 'Uznany pisarz przenosi się na prowincję, by w spokoju tworzyć kolejne książki. Wkrótce odwiedzi go tajemniczy mężczyzna, który oskarży Raineya o plagiat.', '3', '0', '0', '0','2020-04-09 21:23:17'), ('84', 'Zaginiona dziewczyna', '2014', '11', '24', NULL, NULL, 'USA', NULL, NULL, 'Po przeprowadzce Amy i Nick przeżywają kryzys. Gdy w dniu rocznicy ślubu kobieta znika bez śladu, jej mąż staje się głównym podejrzanym.', '3', '0', '0', '0','2020-06-27 21:23:17'), ('85', 'Epoka lodowcowa', '2002', '5', '2', '13', '19', 'USA', NULL, NULL, 'W czasie wielkiej migracji zwierząt tygrys szablozębny, mamut i leniwiec starają się oddać ludzkie dziecko jego plemieniu.', '1', '0', '0', '0','2020-08-07 21:23:17'), ('86', 'Co gryzie Gilberta Grape\'a', '1993', '28', '4', NULL, NULL, 'USA', NULL, NULL, 'Gilbert wiedzie nudne życie zajmując się swoim chorym umysłowo bratem, dwiema siostrami i otyłą matką. Dopiero poznanie Becky odmieni jego życie.', '2', '0', '0', '0','2020-08-14 21:23:17'), ('87', 'Lista Schindlera', '1993', '59', '4', '26', NULL, 'USA', NULL, NULL, 'Historia przedsiębiorcy Oskara Schindlera, który podczas II wojny światowej uratował przed pobytem w obozach koncentracyjnych 1100 Żydów.', '2', '0', '0', '0','2020-08-15 21:23:17'), ('88', 'Stowarzyszenie Umarłych Poetów', '1989', '46', '4', NULL, NULL, 'USA', NULL, NULL, 'Charyzmatyczny nauczyciel języka angielskiego w konserwatywnym liceum stara się wpoić uczniom miłość do poezji i ideę "carpe diem".', '1', '0', '0', '0','2020-09-03 21:23:17'), ('89', 'Truman Show', '1998', '46', '4', '13', '21', 'USA', NULL, NULL, 'Truman Burbank odkrywa, że jest głównym bohaterem reality show nadawanego 24 godziny na dobę.', '3', '0', '0', '0','2020-10-26 21:23:17'), ('90', 'American Beauty', '1999', '55', '4', '13', NULL, 'USA', NULL, NULL, 'Przechodzący kryzys wieku średniego mieszkaniec przedmieść Lester Burnham zakochuje się w koleżance swojej nastoletniej córki.', '3', '0', '0', '0','2020-11-29 21:23:17'), ('91', 'Leon zawodowiec', '1994', '31', '4', '16', NULL, 'FRA', 'USA', NULL, 'Płatny morderca ratuje dwunastoletnią dziewczynkę, której rodzina została zabita przez skorumpowanych policjantów.', '3', '0', '0', '0','2020-11-30 21:23:17'), ('92', 'Lot nad kukułczym gniazdem', '1975', '40', '4', '20', NULL, 'USA', NULL, NULL, 'Historia złodzieja, szulera i chuligana, który, by uniknąć więzienia, udaje niepoczytalność. Trafia do szpitala dla umysłowo chorych, gdzie twardą ręką rządzi siostra Ratched.', '2', '0', '0', '0','2020-12-06 21:23:17'), ('93', 'Efekt motyla', '2004', '22', '24', '21', NULL, 'CAN', 'USA', NULL, 'Evan, który potrafi podróżować w czasie, przekona się, że nawet najdrobniejsza zmiana w przeszłości ma kolosalny wpływ na teraźniejszość.', '3', '0', '0', '0','2020-12-10 21:23:17'), ('94', 'Milczenie owiec', '1991', '26', '24', NULL, NULL, 'USA', NULL, NULL, 'Seryjny morderca i inteligentna agentka łączą siły, by znaleźć przestępcę obdzierającego ze skóry swoje ofiary.', '1', '0', '0', '0','2020-12-30 21:23:17'), ('95', 'Pianista', '2002', '53', '3', '4', '26', 'FRA', 'DEU', 'POL', 'Podczas drugiej wojny światowej Władysław Szpilman, znakomity polski pianista, stara się przeżyć w okupowanej Warszawie.', '1', '0', '0', '0','2021-02-03 21:23:17'), ('96', '300', '2006', '67', '5', NULL, NULL, 'USA', NULL, NULL, 'Ekranizacja komiksu Franka Millera, która opowiada o bitwie pod Termopilami.', '1', '0', '0', '0','2021-03-03 21:23:17'), ('97', 'Zielona mila', '1999', '16', '4', NULL, NULL, 'USA', NULL, NULL, 'Emerytowany strażnik więzienny opowiada przyjaciółce o niezwykłym mężczyźnie, którego skazano na śmierć za zabójstwo dwóch 9-letnich dziewczynek.', '1', '0', '0', '0','2021-03-08 21:23:17'), ('98', 'Kac Vegas', '2009', '62', '13', NULL, NULL, 'DEU', 'USA', NULL, 'Czterech przyjaciół spędza wieczór kawalerski w Las Vegas. Następnego dnia okazuje się, że zgubili pana młodego i nic nie pamiętają.', '3', '0', '0', '0','2021-03-27 21:23:17'), ('99', 'Matrix', '1999', '30', '1', '21', NULL, 'AUS', 'USA', NULL, 'Haker komputerowy Neo dowiaduje się od tajemniczych rebeliantów, że świat, w którym żyje, jest tylko obrazem przesyłanym do jego mózgu przez roboty.', '1', '0', '0', '0','2021-03-30 21:23:17'), ('100', 'Titanic', '1997', '23', '17', '12', NULL, 'USA', NULL, NULL, 'Rok 1912, brytyjski statek Titanic wyrusza w swój dziewiczy rejs do USA. Na pokładzie emigrant Jack przypadkowo spotyka arystokratkę Rose.', '2', '0', '0', '0','2021-05-11 21:23:17');

CREATE TABLE wypozyczenia (id_wypozyczenia int AUTO_INCREMENT not null, PRIMARY KEY (id_wypozyczenia), 
id_uzytkownika int, foreign key (id_uzytkownika) references uzytkownicy(id_uzytkownika), id_filmu int, foreign key (id_filmu) references filmy(id_filmu), 
data_wypozyczenia datetime not null, data_wygasniecia datetime not null);

CREATE UNIQUE INDEX index_wypozyczenia ON wypozyczenia (id_wypozyczenia);

-- automatyczny update wartosci liczba_wypozyczen w tabeli filmy po dodaniu rekordu w tabeli wypozyczenia
DELIMITER $$
CREATE TRIGGER `after_wypozyczenia_insert` AFTER INSERT ON `wypozyczenia`
 FOR EACH ROW BEGIN
UPDATE filmy
SET liczba_wypozyczen = liczba_wypozyczen + 1
WHERE id_filmu = (SELECT id_filmu FROM wypozyczenia ORDER BY id_wypozyczenia DESC LIMIT 1);
END;$$
DELIMITER ;

-- wprowadzenie 1000 rekordow do tabeli wypozyczenia
INSERT INTO wypozyczenia (id_wypozyczenia, id_uzytkownika, id_filmu, data_wypozyczenia, data_wygasniecia)
VALUES ('1', '3', '1', '2016-11-09 21:23:19', '2016-12-09 21:23:19'), ('2', '33', '5', '2017-09-21 21:23:20', '2017-10-21 21:23:20'), ('3', '2', '16', '2017-10-08 21:23:19', '2017-11-07 21:23:19'), ('4', '2', '2', '2017-10-11 21:23:19', '2017-11-10 21:23:19'), ('5', '28', '16', '2017-10-22 21:23:19', '2017-11-21 21:23:19'), ('6', '35', '17', '2017-11-25 21:23:19', '2017-12-25 21:23:19'), ('7', '41', '3', '2017-12-07 21:23:17', '2018-01-06 21:23:17'), ('8', '42', '25', '2018-02-03 21:23:20', '2018-03-05 21:23:20'), ('9', '5', '1', '2018-02-17 21:23:19', '2018-03-19 21:23:19'), ('10', '28', '26', '2018-02-26 21:23:20', '2018-03-28 21:23:20'), ('11', '47', '16', '2018-03-04 21:23:19', '2018-04-03 21:23:19'), ('12', '50', '15', '2018-03-05 21:23:19', '2018-04-04 21:23:19'), ('13', '54', '17', '2018-04-02 21:23:20', '2018-05-02 21:23:20'), ('14', '3', '20', '2018-04-23 21:23:20', '2018-05-23 21:23:20'), ('15', '14', '25', '2018-04-24 21:23:18', '2018-05-24 21:23:18'), ('16', '51', '3', '2018-05-05 21:23:18', '2018-06-04 21:23:18'), ('17', '49', '15', '2018-05-21 21:23:20', '2018-06-20 21:23:20'), ('18', '16', '13', '2018-05-22 21:23:19', '2018-06-21 21:23:19'), ('19', '29', '4', '2018-05-30 21:23:20', '2018-06-29 21:23:20'), ('20', '14', '19', '2018-06-24 21:23:19', '2018-07-24 21:23:19'), ('21', '15', '22', '2018-06-25 21:23:18', '2018-07-25 21:23:18'), ('22', '5', '34', '2018-07-17 21:23:19', '2018-08-16 21:23:19'), ('23', '45', '29', '2018-08-04 21:23:18', '2018-09-03 21:23:18'), ('24', '57', '34', '2018-08-19 21:23:18', '2018-09-18 21:23:18'), ('25', '34', '37', '2018-08-20 21:23:19', '2018-09-19 21:23:19'), ('26', '60', '17', '2018-08-23 21:23:20', '2018-09-22 21:23:20'), ('27', '60', '39', '2018-09-03 21:23:17', '2018-10-03 21:23:17'), ('28', '53', '12', '2018-09-06 21:23:18', '2018-10-06 21:23:18'), ('29', '26', '40', '2018-09-14 21:23:20', '2018-10-14 21:23:20'), ('30', '73', '5', '2018-09-30 21:23:18', '2018-10-30 21:23:18'), ('31', '1', '22', '2018-10-15 21:23:19', '2018-11-14 21:23:19'), ('32', '72', '34', '2018-10-26 21:23:20', '2018-11-25 21:23:20'), ('33', '36', '40', '2018-10-27 21:23:19', '2018-11-26 21:23:19'), ('34', '69', '20', '2018-11-11 21:23:18', '2018-12-11 21:23:18'), ('35', '20', '41', '2018-11-11 21:23:19', '2018-12-11 21:23:19'), ('36', '57', '12', '2018-11-22 21:23:20', '2018-12-22 21:23:20'), ('37', '9', '46', '2018-11-23 21:23:20', '2018-12-23 21:23:20'), ('38', '48', '17', '2018-11-27 21:23:20', '2018-12-27 21:23:20'), ('39', '64', '3', '2018-12-06 21:23:20', '2019-01-05 21:23:20'), ('40', '32', '17', '2018-12-08 21:23:20', '2019-01-07 21:23:20'), ('41', '46', '2', '2018-12-15 21:23:18', '2019-01-14 21:23:18'), ('42', '9', '32', '2018-12-18 21:23:17', '2019-01-17 21:23:17'), ('43', '55', '25', '2018-12-23 21:23:20', '2019-01-22 21:23:20'), ('44', '85', '53', '2018-12-27 21:23:20', '2019-01-26 21:23:20'), ('45', '26', '27', '2018-12-30 21:23:18', '2019-01-29 21:23:18'), ('46', '62', '20', '2019-01-05 21:23:19', '2019-02-04 21:23:19'), ('47', '65', '55', '2019-01-08 21:23:19', '2019-02-07 21:23:19'), ('48', '81', '30', '2019-01-09 21:23:19', '2019-02-08 21:23:19'), ('49', '46', '47', '2019-01-15 21:23:19', '2019-02-14 21:23:19'), ('50', '50', '24', '2019-01-18 21:23:19', '2019-02-17 21:23:19'), ('51', '18', '39', '2019-01-21 21:23:18', '2019-02-20 21:23:18'), ('52', '86', '30', '2019-01-21 21:23:19', '2019-02-20 21:23:19'), ('53', '15', '45', '2019-01-24 21:23:20', '2019-02-23 21:23:20'), ('54', '65', '41', '2019-01-26 21:23:19', '2019-02-25 21:23:19'), ('55', '65', '54', '2019-01-27 21:23:17', '2019-02-26 21:23:17'), ('56', '20', '16', '2019-01-27 21:23:20', '2019-02-26 21:23:20'), ('57', '62', '54', '2019-02-06 21:23:19', '2019-03-08 21:23:19'), ('58', '24', '15', '2019-02-08 21:23:18', '2019-03-10 21:23:18'), ('59', '79', '56', '2019-02-09 21:23:18', '2019-03-11 21:23:18'), ('60', '20', '53', '2019-02-11 21:23:20', '2019-03-13 21:23:20'), ('61', '49', '41', '2019-02-15 21:23:20', '2019-03-17 21:23:20'), ('62', '13', '47', '2019-02-16 21:23:19', '2019-03-18 21:23:19'), ('63', '43', '29', '2019-02-20 21:23:18', '2019-03-22 21:23:18'), ('64', '56', '17', '2019-02-22 21:23:18', '2019-03-24 21:23:18'), ('65', '31', '34', '2019-02-25 21:23:20', '2019-03-27 21:23:20'), ('66', '32', '53', '2019-02-26 21:23:20', '2019-03-28 21:23:20'), ('67', '95', '9', '2019-02-28 21:23:18', '2019-03-30 21:23:18'), ('68', '54', '50', '2019-02-28 21:23:20', '2019-03-30 21:23:20'), ('69', '73', '49', '2019-03-08 21:23:18', '2019-04-07 21:23:18'), ('70', '13', '53', '2019-03-10 21:23:19', '2019-04-09 21:23:19'), ('71', '14', '44', '2019-03-14 21:23:19', '2019-04-13 21:23:19'), ('72', '42', '13', '2019-03-15 21:23:19', '2019-04-14 21:23:19'), ('73', '55', '42', '2019-03-20 21:23:19', '2019-04-19 21:23:19'), ('74', '79', '36', '2019-03-26 21:23:20', '2019-04-25 21:23:20'), ('75', '56', '35', '2019-04-10 21:23:19', '2019-05-10 21:23:19'), ('76', '87', '44', '2019-04-12 21:23:20', '2019-05-12 21:23:20'), ('77', '17', '53', '2019-04-13 21:23:19', '2019-05-13 21:23:19'), ('78', '81', '18', '2019-04-23 21:23:20', '2019-05-23 21:23:20'), ('79', '66', '13', '2019-04-27 21:23:19', '2019-05-27 21:23:19'), ('80', '53', '50', '2019-04-29 21:23:18', '2019-05-29 21:23:18'), ('81', '81', '43', '2019-05-04 21:23:19', '2019-06-03 21:23:19'), ('82', '88', '18', '2019-05-06 21:23:20', '2019-06-05 21:23:20'), ('83', '102', '30', '2019-05-07 21:23:19', '2019-06-06 21:23:19'), ('84', '65', '6', '2019-05-07 21:23:20', '2019-06-06 21:23:20'), ('85', '106', '38', '2019-05-09 21:23:18', '2019-06-08 21:23:18'), ('86', '37', '43', '2019-05-09 21:23:18', '2019-06-08 21:23:18'), ('87', '38', '14', '2019-05-11 21:23:18', '2019-06-10 21:23:18'), ('88', '19', '24', '2019-05-12 21:23:20', '2019-06-11 21:23:20'), ('89', '62', '1', '2019-05-13 21:23:20', '2019-06-12 21:23:20'), ('90', '38', '3', '2019-05-16 21:23:19', '2019-06-15 21:23:19'), ('91', '51', '39', '2019-05-18 21:23:18', '2019-06-17 21:23:18'), ('92', '67', '60', '2019-05-18 21:23:20', '2019-06-17 21:23:20'), ('93', '88', '34', '2019-05-20 21:23:19', '2019-06-19 21:23:19'), ('94', '54', '12', '2019-05-23 21:23:18', '2019-06-22 21:23:18'), ('95', '90', '41', '2019-05-23 21:23:19', '2019-06-22 21:23:19'), ('96', '103', '14', '2019-05-25 21:23:19', '2019-06-24 21:23:19'), ('97', '57', '42', '2019-05-28 21:23:17', '2019-06-27 21:23:17'), ('98', '13', '28', '2019-05-31 21:23:18', '2019-06-30 21:23:18'), ('99', '10', '33', '2019-05-31 21:23:19', '2019-06-30 21:23:19'), ('100', '13', '43', '2019-06-01 21:23:20', '2019-07-01 21:23:20'), ('101', '39', '48', '2019-06-07 21:23:19', '2019-07-07 21:23:19'), ('102', '72', '22', '2019-06-07 21:23:20', '2019-07-07 21:23:20'), ('103', '66', '35', '2019-06-13 21:23:19', '2019-07-13 21:23:19'), ('104', '105', '8', '2019-06-19 21:23:19', '2019-07-19 21:23:19'), ('105', '88', '3', '2019-06-23 21:23:19', '2019-07-23 21:23:19'), ('106', '44', '22', '2019-06-27 21:23:19', '2019-07-27 21:23:19'), ('107', '14', '41', '2019-06-28 21:23:18', '2019-07-28 21:23:18'), ('108', '76', '34', '2019-07-01 21:23:18', '2019-07-31 21:23:18'), ('109', '90', '59', '2019-07-08 21:23:20', '2019-08-07 21:23:20'), ('110', '49', '55', '2019-07-09 21:23:18', '2019-08-08 21:23:18'), ('111', '3', '61', '2019-07-09 21:23:19', '2019-08-08 21:23:19'), ('112', '100', '40', '2019-07-13 21:23:18', '2019-08-12 21:23:18'), ('113', '81', '12', '2019-07-14 21:23:18', '2019-08-13 21:23:18'), ('114', '83', '11', '2019-07-18 21:23:18', '2019-08-17 21:23:18'), ('115', '109', '23', '2019-07-18 21:23:20', '2019-08-17 21:23:20'), ('116', '18', '28', '2019-07-23 21:23:18', '2019-08-22 21:23:18'), ('117', '38', '6', '2019-07-28 21:23:19', '2019-08-27 21:23:19'), ('118', '53', '26', '2019-07-31 21:23:18', '2019-08-30 21:23:18'), ('119', '42', '3', '2019-08-02 21:23:19', '2019-09-01 21:23:19'), ('120', '66', '24', '2019-08-02 21:23:19', '2019-09-01 21:23:19'), ('121', '93', '61', '2019-08-03 21:23:17', '2019-09-02 21:23:17'), ('122', '83', '44', '2019-08-05 21:23:18', '2019-09-04 21:23:18'), ('123', '46', '62', '2019-08-06 21:23:20', '2019-09-05 21:23:20'), ('124', '99', '5', '2019-08-09 21:23:20', '2019-09-08 21:23:20'), ('125', '86', '65', '2019-08-13 21:23:18', '2019-09-12 21:23:18'), ('126', '78', '48', '2019-08-16 21:23:19', '2019-09-15 21:23:19'), ('127', '106', '24', '2019-08-16 21:23:20', '2019-09-15 21:23:20'), ('128', '85', '32', '2019-08-17 21:23:18', '2019-09-16 21:23:18'), ('129', '93', '41', '2019-08-20 21:23:19', '2019-09-19 21:23:19'), ('130', '11', '48', '2019-08-20 21:23:20', '2019-09-19 21:23:20'), ('131', '55', '26', '2019-08-22 21:23:18', '2019-09-21 21:23:18'), ('132', '44', '14', '2019-08-24 21:23:19', '2019-09-23 21:23:19'), ('133', '56', '58', '2019-08-25 21:23:19', '2019-09-24 21:23:19'), ('134', '97', '1', '2019-08-26 21:23:17', '2019-09-25 21:23:17'), ('135', '110', '47', '2019-08-26 21:23:20', '2019-09-25 21:23:20'), ('136', '71', '39', '2019-09-02 21:23:18', '2019-10-02 21:23:18'), ('137', '81', '51', '2019-09-04 21:23:20', '2019-10-04 21:23:20'), ('138', '64', '46', '2019-09-05 21:23:18', '2019-10-05 21:23:18'), ('139', '109', '67', '2019-09-08 21:23:18', '2019-10-08 21:23:18'), ('140', '23', '49', '2019-09-09 21:23:18', '2019-10-09 21:23:18'), ('141', '37', '52', '2019-09-11 21:23:20', '2019-10-11 21:23:20'), ('142', '35', '39', '2019-09-13 21:23:19', '2019-10-13 21:23:19'), ('143', '109', '28', '2019-09-13 21:23:20', '2019-10-13 21:23:20'), ('144', '50', '52', '2019-09-16 21:23:19', '2019-10-16 21:23:19'), ('145', '92', '48', '2019-09-17 21:23:18', '2019-10-17 21:23:18'), ('146', '36', '50', '2019-09-17 21:23:20', '2019-10-17 21:23:20'), ('147', '6', '21', '2019-09-19 21:23:18', '2019-10-19 21:23:18'), ('148', '13', '56', '2019-09-22 21:23:19', '2019-10-22 21:23:19'), ('149', '116', '16', '2019-09-24 21:23:19', '2019-10-24 21:23:19'), ('150', '23', '71', '2019-09-25 21:23:18', '2019-10-25 21:23:18'), ('151', '106', '70', '2019-09-26 21:23:18', '2019-10-26 21:23:18'), ('152', '79', '15', '2019-09-27 21:23:18', '2019-10-27 21:23:18'), ('153', '32', '52', '2019-09-27 21:23:19', '2019-10-27 21:23:19'), ('154', '110', '4', '2019-10-01 21:23:20', '2019-10-31 21:23:20'), ('155', '35', '24', '2019-10-09 21:23:18', '2019-11-08 21:23:18'), ('156', '90', '3', '2019-10-10 21:23:18', '2019-11-09 21:23:18'), ('157', '82', '71', '2019-10-13 21:23:18', '2019-11-12 21:23:18'), ('158', '70', '34', '2019-10-13 21:23:19', '2019-11-12 21:23:19'), ('159', '72', '15', '2019-10-14 21:23:19', '2019-11-13 21:23:19'), ('160', '28', '65', '2019-10-16 21:23:20', '2019-11-15 21:23:20'), ('161', '1', '8', '2019-10-21 21:23:18', '2019-11-20 21:23:18'), ('162', '26', '14', '2019-10-23 21:23:18', '2019-11-22 21:23:18'), ('163', '18', '32', '2019-10-25 21:23:20', '2019-11-24 21:23:20'), ('164', '34', '72', '2019-10-26 21:23:17', '2019-11-25 21:23:17'), ('165', '36', '74', '2019-10-27 21:23:20', '2019-11-26 21:23:20'), ('166', '2', '37', '2019-10-29 21:23:19', '2019-11-28 21:23:19'), ('167', '117', '18', '2019-11-01 21:23:19', '2019-12-01 21:23:19'), ('168', '19', '67', '2019-11-02 21:23:18', '2019-12-02 21:23:18'), ('169', '19', '67', '2019-11-05 21:23:19', '2019-12-05 21:23:19'), ('170', '67', '26', '2019-11-07 21:23:18', '2019-12-07 21:23:18'), ('171', '89', '52', '2019-11-07 21:23:20', '2019-12-07 21:23:20'), ('172', '81', '57', '2019-11-12 21:23:20', '2019-12-12 21:23:20'), ('173', '111', '6', '2019-11-14 21:23:19', '2019-12-14 21:23:19'), ('174', '61', '69', '2019-11-15 21:23:20', '2019-12-15 21:23:20'), ('175', '90', '70', '2019-11-17 21:23:18', '2019-12-17 21:23:18'), ('176', '111', '56', '2019-11-21 21:23:18', '2019-12-21 21:23:18'), ('177', '34', '12', '2019-11-23 21:23:18', '2019-12-23 21:23:18'), ('178', '78', '48', '2019-11-24 21:23:20', '2019-12-24 21:23:20'), ('179', '85', '37', '2019-11-25 21:23:20', '2019-12-25 21:23:20'), ('180', '82', '50', '2019-11-28 21:23:18', '2019-12-28 21:23:18'), ('181', '122', '26', '2019-11-29 21:23:18', '2019-12-29 21:23:18'), ('182', '76', '45', '2019-12-02 21:23:19', '2020-01-01 21:23:19'), ('183', '122', '47', '2019-12-04 21:23:20', '2020-01-03 21:23:20'), ('184', '6', '31', '2019-12-07 21:23:18', '2020-01-06 21:23:18'), ('185', '33', '70', '2019-12-08 21:23:19', '2020-01-07 21:23:19'), ('186', '56', '52', '2019-12-09 21:23:18', '2020-01-08 21:23:18'), ('187', '117', '6', '2019-12-09 21:23:19', '2020-01-08 21:23:19'), ('188', '126', '22', '2019-12-11 21:23:20', '2020-01-10 21:23:20'), ('189', '70', '27', '2019-12-15 21:23:18', '2020-01-14 21:23:18'), ('190', '83', '42', '2019-12-20 21:23:18', '2020-01-19 21:23:18'), ('191', '127', '32', '2019-12-21 21:23:18', '2020-01-20 21:23:18'), ('192', '130', '25', '2019-12-21 21:23:20', '2020-01-20 21:23:20'), ('193', '123', '15', '2019-12-24 21:23:18', '2020-01-23 21:23:18'), ('194', '106', '54', '2019-12-24 21:23:20', '2020-01-23 21:23:20'), ('195', '80', '38', '2019-12-25 21:23:19', '2020-01-24 21:23:19'), ('196', '46', '53', '2019-12-26 21:23:20', '2020-01-25 21:23:20'), ('197', '83', '36', '2019-12-27 21:23:20', '2020-01-26 21:23:20'), ('198', '96', '34', '2019-12-28 21:23:19', '2020-01-27 21:23:19'), ('199', '64', '29', '2019-12-30 21:23:18', '2020-01-29 21:23:18'), ('200', '91', '49', '2019-12-30 21:23:20', '2020-01-29 21:23:20'), ('201', '129', '42', '2019-12-31 21:23:18', '2020-01-30 21:23:18'), ('202', '116', '6', '2019-12-31 21:23:19', '2020-01-30 21:23:19'), ('203', '25', '48', '2019-12-31 21:23:20', '2020-01-30 21:23:20'), ('204', '35', '8', '2020-01-01 21:23:18', '2020-01-31 21:23:18'), ('205', '36', '48', '2020-01-01 21:23:18', '2020-01-31 21:23:18'), ('206', '125', '71', '2020-01-02 21:23:18', '2020-02-01 21:23:18'), ('207', '127', '51', '2020-01-04 21:23:19', '2020-02-03 21:23:19'), ('208', '28', '62', '2020-01-07 21:23:19', '2020-02-06 21:23:19'), ('209', '121', '40', '2020-01-07 21:23:20', '2020-02-06 21:23:20'), ('210', '94', '67', '2020-01-08 21:23:19', '2020-02-07 21:23:19'), ('211', '120', '12', '2020-01-11 21:23:20', '2020-02-10 21:23:20'), ('212', '110', '47', '2020-01-12 21:23:19', '2020-02-11 21:23:19'), ('213', '35', '35', '2020-01-13 21:23:20', '2020-02-12 21:23:20'), ('214', '109', '42', '2020-01-16 21:23:20', '2020-02-15 21:23:20'), ('215', '96', '60', '2020-01-17 21:23:19', '2020-02-16 21:23:19'), ('216', '35', '48', '2020-01-17 21:23:20', '2020-02-16 21:23:20'), ('217', '114', '69', '2020-01-19 21:23:19', '2020-02-18 21:23:19'), ('218', '72', '64', '2020-01-19 21:23:19', '2020-02-18 21:23:19'), ('219', '132', '66', '2020-01-19 21:23:20', '2020-02-18 21:23:20'), ('220', '7', '25', '2020-01-21 21:23:20', '2020-02-20 21:23:20'), ('221', '33', '67', '2020-01-23 21:23:20', '2020-02-22 21:23:20'), ('222', '111', '49', '2020-01-24 21:23:17', '2020-02-23 21:23:17'), ('223', '51', '65', '2020-01-24 21:23:20', '2020-02-23 21:23:20'), ('224', '59', '20', '2020-01-25 21:23:20', '2020-02-24 21:23:20'), ('225', '62', '47', '2020-01-26 21:23:18', '2020-02-25 21:23:18'), ('226', '34', '22', '2020-01-27 21:23:20', '2020-02-26 21:23:20'), ('227', '127', '76', '2020-01-28 21:23:18', '2020-02-27 21:23:18'), ('228', '124', '29', '2020-01-29 21:23:17', '2020-02-28 21:23:17'), ('229', '132', '4', '2020-02-01 21:23:19', '2020-03-02 21:23:19'), ('230', '129', '10', '2020-02-05 21:23:18', '2020-03-06 21:23:18'), ('231', '124', '37', '2020-02-06 21:23:19', '2020-03-07 21:23:19'), ('232', '74', '31', '2020-02-07 21:23:19', '2020-03-08 21:23:19'), ('233', '8', '61', '2020-02-08 21:23:19', '2020-03-09 21:23:19'), ('234', '121', '73', '2020-02-08 21:23:19', '2020-03-09 21:23:19'), ('235', '67', '76', '2020-02-09 21:23:20', '2020-03-10 21:23:20'), ('236', '88', '51', '2020-02-10 21:23:20', '2020-03-11 21:23:20'), ('237', '135', '30', '2020-02-11 21:23:17', '2020-03-12 21:23:17'), ('238', '36', '69', '2020-02-13 21:23:19', '2020-03-14 21:23:19'), ('239', '100', '40', '2020-02-14 21:23:18', '2020-03-15 21:23:18'), ('240', '93', '68', '2020-02-14 21:23:19', '2020-03-15 21:23:19'), ('241', '105', '18', '2020-02-16 21:23:17', '2020-03-17 21:23:17'), ('242', '80', '27', '2020-02-18 21:23:19', '2020-03-19 21:23:19'), ('243', '49', '25', '2020-02-18 21:23:19', '2020-03-19 21:23:19'), ('244', '76', '65', '2020-02-19 21:23:20', '2020-03-20 21:23:20'), ('245', '134', '41', '2020-02-21 21:23:19', '2020-03-22 21:23:19'), ('246', '1', '65', '2020-02-23 21:23:19', '2020-03-24 21:23:19'), ('247', '139', '1', '2020-02-24 21:23:18', '2020-03-25 21:23:18'), ('248', '72', '43', '2020-02-24 21:23:18', '2020-03-25 21:23:18'), ('249', '20', '57', '2020-02-26 21:23:18', '2020-03-27 21:23:18'), ('250', '23', '66', '2020-02-27 21:23:17', '2020-03-28 21:23:17'), ('251', '140', '12', '2020-02-27 21:23:19', '2020-03-28 21:23:19'), ('252', '108', '22', '2020-02-29 21:23:19', '2020-03-30 21:23:19'), ('253', '33', '39', '2020-03-07 21:23:19', '2020-04-06 21:23:19'), ('254', '96', '61', '2020-03-08 21:23:18', '2020-04-07 21:23:18'), ('255', '138', '24', '2020-03-10 21:23:20', '2020-04-09 21:23:20'), ('256', '133', '39', '2020-03-11 21:23:19', '2020-04-10 21:23:19'), ('257', '106', '22', '2020-03-12 21:23:18', '2020-04-11 21:23:18'), ('258', '116', '2', '2020-03-19 21:23:18', '2020-04-18 21:23:18'), ('259', '135', '29', '2020-03-19 21:23:19', '2020-04-18 21:23:19'), ('260', '7', '61', '2020-03-20 21:23:19', '2020-04-19 21:23:19'), ('261', '81', '77', '2020-03-20 21:23:19', '2020-04-19 21:23:19'), ('262', '18', '68', '2020-03-20 21:23:19', '2020-04-19 21:23:19'), ('263', '113', '37', '2020-03-26 21:23:20', '2020-04-25 21:23:20'), ('264', '24', '47', '2020-03-30 21:23:18', '2020-04-29 21:23:18'), ('265', '113', '79', '2020-03-30 21:23:18', '2020-04-29 21:23:18'), ('266', '71', '77', '2020-03-30 21:23:19', '2020-04-29 21:23:19'), ('267', '118', '44', '2020-03-30 21:23:19', '2020-04-29 21:23:19'), ('268', '146', '42', '2020-03-31 21:23:18', '2020-04-30 21:23:18'), ('269', '144', '15', '2020-03-31 21:23:19', '2020-04-30 21:23:19'), ('270', '105', '3', '2020-03-31 21:23:19', '2020-04-30 21:23:19'), ('271', '107', '50', '2020-04-02 21:23:19', '2020-05-02 21:23:19'), ('272', '117', '25', '2020-04-03 21:23:18', '2020-05-03 21:23:18'), ('273', '112', '15', '2020-04-03 21:23:20', '2020-05-03 21:23:20'), ('274', '128', '7', '2020-04-05 21:23:19', '2020-05-05 21:23:19'), ('275', '18', '44', '2020-04-07 21:23:19', '2020-05-07 21:23:19'), ('276', '142', '70', '2020-04-08 21:23:20', '2020-05-08 21:23:20'), ('277', '21', '53', '2020-04-09 21:23:20', '2020-05-09 21:23:20'), ('278', '82', '57', '2020-04-10 21:23:19', '2020-05-10 21:23:19'), ('279', '88', '26', '2020-04-10 21:23:20', '2020-05-10 21:23:20'), ('280', '122', '3', '2020-04-11 21:23:18', '2020-05-11 21:23:18'), ('281', '39', '64', '2020-04-11 21:23:18', '2020-05-11 21:23:18'), ('282', '141', '48', '2020-04-11 21:23:19', '2020-05-11 21:23:19'), ('283', '4', '69', '2020-04-12 21:23:18', '2020-05-12 21:23:18'), ('284', '117', '76', '2020-04-12 21:23:18', '2020-05-12 21:23:18'), ('285', '96', '71', '2020-04-15 21:23:19', '2020-05-15 21:23:19'), ('286', '151', '11', '2020-04-16 21:23:20', '2020-05-16 21:23:20'), ('287', '89', '30', '2020-04-17 21:23:19', '2020-05-17 21:23:19'), ('288', '112', '54', '2020-04-17 21:23:20', '2020-05-17 21:23:20'), ('289', '20', '18', '2020-04-25 21:23:17', '2020-05-25 21:23:17'), ('290', '52', '8', '2020-04-25 21:23:18', '2020-05-25 21:23:18'), ('291', '95', '12', '2020-04-26 21:23:18', '2020-05-26 21:23:18'), ('292', '139', '77', '2020-04-27 21:23:18', '2020-05-27 21:23:18'), ('293', '21', '79', '2020-04-27 21:23:20', '2020-05-27 21:23:20'), ('294', '132', '76', '2020-04-29 21:23:20', '2020-05-29 21:23:20'), ('295', '12', '74', '2020-04-29 21:23:20', '2020-05-29 21:23:20'), ('296', '131', '58', '2020-04-30 21:23:18', '2020-05-30 21:23:18'), ('297', '85', '62', '2020-04-30 21:23:18', '2020-05-30 21:23:18'), ('298', '72', '45', '2020-05-01 21:23:18', '2020-05-31 21:23:18'), ('299', '66', '9', '2020-05-01 21:23:20', '2020-05-31 21:23:20'), ('300', '43', '60', '2020-05-03 21:23:20', '2020-06-02 21:23:20'), ('301', '118', '40', '2020-05-04 21:23:19', '2020-06-03 21:23:19'), ('302', '137', '82', '2020-05-05 21:23:18', '2020-06-04 21:23:18'), ('303', '140', '13', '2020-05-05 21:23:20', '2020-06-04 21:23:20'), ('304', '91', '76', '2020-05-08 21:23:20', '2020-06-07 21:23:20'), ('305', '149', '34', '2020-05-08 21:23:20', '2020-06-07 21:23:20'), ('306', '132', '4', '2020-05-09 21:23:19', '2020-06-08 21:23:19'), ('307', '65', '82', '2020-05-12 21:23:18', '2020-06-11 21:23:18'), ('308', '102', '59', '2020-05-12 21:23:18', '2020-06-11 21:23:18'), ('309', '114', '61', '2020-05-12 21:23:18', '2020-06-11 21:23:18'), ('310', '84', '66', '2020-05-13 21:23:18', '2020-06-12 21:23:18'), ('311', '49', '8', '2020-05-13 21:23:19', '2020-06-12 21:23:19'), ('312', '141', '50', '2020-05-14 21:23:18', '2020-06-13 21:23:18'), ('313', '149', '13', '2020-05-15 21:23:18', '2020-06-14 21:23:18'), ('314', '125', '48', '2020-05-17 21:23:18', '2020-06-16 21:23:18'), ('315', '82', '71', '2020-05-17 21:23:19', '2020-06-16 21:23:19'), ('316', '51', '59', '2020-05-17 21:23:20', '2020-06-16 21:23:20'), ('317', '43', '7', '2020-05-18 21:23:18', '2020-06-17 21:23:18'), ('318', '79', '14', '2020-05-19 21:23:19', '2020-06-18 21:23:19'), ('319', '17', '74', '2020-05-19 21:23:19', '2020-06-18 21:23:19'), ('320', '70', '59', '2020-05-19 21:23:20', '2020-06-18 21:23:20'), ('321', '99', '80', '2020-05-20 21:23:18', '2020-06-19 21:23:18'), ('322', '50', '65', '2020-05-22 21:23:18', '2020-06-21 21:23:18'), ('323', '25', '73', '2020-05-22 21:23:18', '2020-06-21 21:23:18'), ('324', '133', '34', '2020-05-22 21:23:19', '2020-06-21 21:23:19'), ('325', '133', '3', '2020-05-23 21:23:18', '2020-06-22 21:23:18'), ('326', '134', '72', '2020-05-27 21:23:18', '2020-06-26 21:23:18'), ('327', '145', '58', '2020-05-30 21:23:18', '2020-06-29 21:23:18'), ('328', '94', '33', '2020-05-30 21:23:19', '2020-06-29 21:23:19'), ('329', '115', '56', '2020-05-30 21:23:20', '2020-06-29 21:23:20'), ('330', '103', '34', '2020-06-01 21:23:18', '2020-07-01 21:23:18'), ('331', '154', '7', '2020-06-01 21:23:19', '2020-07-01 21:23:19'), ('332', '112', '41', '2020-06-04 21:23:18', '2020-07-04 21:23:18'), ('333', '65', '81', '2020-06-06 21:23:19', '2020-07-06 21:23:19'), ('334', '129', '37', '2020-06-06 21:23:20', '2020-07-06 21:23:20'), ('335', '15', '43', '2020-06-07 21:23:19', '2020-07-07 21:23:19'), ('336', '100', '1', '2020-06-08 21:23:18', '2020-07-08 21:23:18'), ('337', '131', '55', '2020-06-08 21:23:19', '2020-07-08 21:23:19'), ('338', '95', '29', '2020-06-09 21:23:18', '2020-07-09 21:23:18'), ('339', '26', '48', '2020-06-09 21:23:19', '2020-07-09 21:23:19'), ('340', '92', '28', '2020-06-10 21:23:19', '2020-07-10 21:23:19'), ('341', '13', '2', '2020-06-10 21:23:20', '2020-07-10 21:23:20'), ('342', '82', '15', '2020-06-12 21:23:18', '2020-07-12 21:23:18'), ('343', '88', '9', '2020-06-12 21:23:19', '2020-07-12 21:23:19'), ('344', '61', '45', '2020-06-13 21:23:17', '2020-07-13 21:23:17'), ('345', '135', '67', '2020-06-13 21:23:18', '2020-07-13 21:23:18'), ('346', '109', '55', '2020-06-14 21:23:20', '2020-07-14 21:23:20'), ('347', '20', '55', '2020-06-16 21:23:17', '2020-07-16 21:23:17'), ('348', '71', '11', '2020-06-16 21:23:18', '2020-07-16 21:23:18'), ('349', '76', '64', '2020-06-19 21:23:18', '2020-07-19 21:23:18'), ('350', '39', '33', '2020-06-19 21:23:18', '2020-07-19 21:23:18'), ('351', '154', '55', '2020-06-20 21:23:18', '2020-07-20 21:23:18'), ('352', '89', '64', '2020-06-20 21:23:19', '2020-07-20 21:23:19'), ('353', '68', '73', '2020-06-20 21:23:20', '2020-07-20 21:23:20'), ('354', '32', '75', '2020-06-21 21:23:17', '2020-07-21 21:23:17'), ('355', '113', '30', '2020-06-21 21:23:20', '2020-07-21 21:23:20'), ('356', '67', '24', '2020-06-21 21:23:20', '2020-07-21 21:23:20'), ('357', '91', '14', '2020-06-22 21:23:19', '2020-07-22 21:23:19'), ('358', '130', '31', '2020-06-24 21:23:19', '2020-07-24 21:23:19'), ('359', '17', '28', '2020-06-24 21:23:19', '2020-07-24 21:23:19'), ('360', '100', '8', '2020-06-25 21:23:19', '2020-07-25 21:23:19'), ('361', '151', '56', '2020-06-26 21:23:19', '2020-07-26 21:23:19'), ('362', '127', '35', '2020-06-26 21:23:19', '2020-07-26 21:23:19'), ('363', '94', '6', '2020-06-26 21:23:20', '2020-07-26 21:23:20'), ('364', '127', '69', '2020-06-29 21:23:20', '2020-07-29 21:23:20'), ('365', '31', '20', '2020-07-01 21:23:20', '2020-07-31 21:23:20'), ('366', '101', '16', '2020-07-06 21:23:18', '2020-08-05 21:23:18'), ('367', '7', '60', '2020-07-06 21:23:18', '2020-08-05 21:23:18'), ('368', '18', '5', '2020-07-07 21:23:18', '2020-08-06 21:23:18'), ('369', '137', '39', '2020-07-07 21:23:18', '2020-08-06 21:23:18'), ('370', '156', '10', '2020-07-08 21:23:18', '2020-08-07 21:23:18'), ('371', '101', '28', '2020-07-09 21:23:18', '2020-08-08 21:23:18'), ('372', '160', '66', '2020-07-09 21:23:19', '2020-08-08 21:23:19'), ('373', '42', '67', '2020-07-09 21:23:20', '2020-08-08 21:23:20'), ('374', '98', '80', '2020-07-10 21:23:19', '2020-08-09 21:23:19'), ('375', '154', '28', '2020-07-11 21:23:19', '2020-08-10 21:23:19'), ('376', '139', '60', '2020-07-11 21:23:19', '2020-08-10 21:23:19'), ('377', '85', '82', '2020-07-12 21:23:20', '2020-08-11 21:23:20'), ('378', '74', '60', '2020-07-14 21:23:18', '2020-08-13 21:23:18'), ('379', '55', '58', '2020-07-16 21:23:20', '2020-08-15 21:23:20'), ('380', '78', '48', '2020-07-16 21:23:20', '2020-08-15 21:23:20'), ('381', '158', '68', '2020-07-19 21:23:17', '2020-08-18 21:23:17'), ('382', '50', '34', '2020-07-19 21:23:18', '2020-08-18 21:23:18'), ('383', '75', '83', '2020-07-19 21:23:20', '2020-08-18 21:23:20'), ('384', '17', '79', '2020-07-19 21:23:20', '2020-08-18 21:23:20'), ('385', '11', '19', '2020-07-20 21:23:18', '2020-08-19 21:23:18'), ('386', '54', '79', '2020-07-20 21:23:18', '2020-08-19 21:23:18'), ('387', '148', '51', '2020-07-22 21:23:19', '2020-08-21 21:23:19'), ('388', '59', '79', '2020-07-24 21:23:19', '2020-08-23 21:23:19'), ('389', '33', '38', '2020-07-24 21:23:20', '2020-08-23 21:23:20'), ('390', '72', '3', '2020-07-25 21:23:18', '2020-08-24 21:23:18'), ('391', '93', '48', '2020-07-28 21:23:19', '2020-08-27 21:23:19'), ('392', '151', '69', '2020-08-01 21:23:18', '2020-08-31 21:23:18'), ('393', '5', '79', '2020-08-02 21:23:20', '2020-09-01 21:23:20'), ('394', '12', '83', '2020-08-02 21:23:20', '2020-09-01 21:23:20'), ('395', '51', '56', '2020-08-03 21:23:20', '2020-09-02 21:23:20'), ('396', '111', '22', '2020-08-04 21:23:19', '2020-09-03 21:23:19'), ('397', '148', '64', '2020-08-05 21:23:20', '2020-09-04 21:23:20'), ('398', '15', '75', '2020-08-05 21:23:20', '2020-09-04 21:23:20'), ('399', '105', '76', '2020-08-06 21:23:18', '2020-09-05 21:23:18'), ('400', '88', '55', '2020-08-06 21:23:19', '2020-09-05 21:23:19'), ('401', '129', '58', '2020-08-08 21:23:20', '2020-09-07 21:23:20'), ('402', '160', '70', '2020-08-09 21:23:17', '2020-09-08 21:23:17'), ('403', '51', '59', '2020-08-11 21:23:19', '2020-09-10 21:23:19'), ('404', '82', '6', '2020-08-12 21:23:18', '2020-09-11 21:23:18'), ('405', '30', '77', '2020-08-12 21:23:20', '2020-09-11 21:23:20'), ('406', '68', '44', '2020-08-12 21:23:20', '2020-09-11 21:23:20'), ('407', '11', '52', '2020-08-12 21:23:20', '2020-09-11 21:23:20'), ('408', '13', '79', '2020-08-13 21:23:17', '2020-09-12 21:23:17'), ('409', '145', '40', '2020-08-13 21:23:18', '2020-09-12 21:23:18'), ('410', '82', '86', '2020-08-18 21:23:18', '2020-09-17 21:23:18'), ('411', '32', '1', '2020-08-19 21:23:19', '2020-09-18 21:23:19'), ('412', '91', '81', '2020-08-19 21:23:19', '2020-09-18 21:23:19'), ('413', '95', '38', '2020-08-20 21:23:19', '2020-09-19 21:23:19'), ('414', '106', '77', '2020-08-22 21:23:20', '2020-09-21 21:23:20'), ('415', '127', '83', '2020-08-23 21:23:18', '2020-09-22 21:23:18'), ('416', '146', '4', '2020-08-24 21:23:18', '2020-09-23 21:23:18'), ('417', '150', '38', '2020-08-24 21:23:19', '2020-09-23 21:23:19'), ('418', '118', '70', '2020-08-24 21:23:20', '2020-09-23 21:23:20'), ('419', '87', '78', '2020-08-24 21:23:20', '2020-09-23 21:23:20'), ('420', '151', '44', '2020-08-25 21:23:18', '2020-09-24 21:23:18'), ('421', '138', '25', '2020-08-25 21:23:19', '2020-09-24 21:23:19'), ('422', '80', '78', '2020-08-26 21:23:18', '2020-09-25 21:23:18'), ('423', '69', '23', '2020-08-26 21:23:18', '2020-09-25 21:23:18'), ('424', '25', '30', '2020-08-26 21:23:19', '2020-09-25 21:23:19'), ('425', '78', '1', '2020-08-28 21:23:18', '2020-09-27 21:23:18'), ('426', '128', '70', '2020-08-28 21:23:19', '2020-09-27 21:23:19'), ('427', '101', '82', '2020-08-28 21:23:19', '2020-09-27 21:23:19'), ('428', '6', '62', '2020-08-28 21:23:19', '2020-09-27 21:23:19'), ('429', '155', '45', '2020-08-29 21:23:18', '2020-09-28 21:23:18'), ('430', '91', '37', '2020-08-29 21:23:19', '2020-09-28 21:23:19'), ('431', '99', '48', '2020-08-29 21:23:20', '2020-09-28 21:23:20'), ('432', '165', '55', '2020-08-30 21:23:19', '2020-09-29 21:23:19'), ('433', '28', '78', '2020-08-31 21:23:18', '2020-09-30 21:23:18'), ('434', '162', '73', '2020-08-31 21:23:20', '2020-09-30 21:23:20'), ('435', '89', '81', '2020-09-01 21:23:18', '2020-10-01 21:23:18'), ('436', '106', '46', '2020-09-01 21:23:18', '2020-10-01 21:23:18'), ('437', '93', '71', '2020-09-01 21:23:20', '2020-10-01 21:23:20'), ('438', '93', '23', '2020-09-02 21:23:18', '2020-10-02 21:23:18'), ('439', '18', '1', '2020-09-02 21:23:19', '2020-10-02 21:23:19'), ('440', '107', '71', '2020-09-06 21:23:20', '2020-10-06 21:23:20'), ('441', '123', '54', '2020-09-07 21:23:20', '2020-10-07 21:23:20'), ('442', '104', '40', '2020-09-08 21:23:19', '2020-10-08 21:23:19'), ('443', '91', '87', '2020-09-09 21:23:18', '2020-10-09 21:23:18'), ('444', '3', '76', '2020-09-09 21:23:19', '2020-10-09 21:23:19'), ('445', '135', '46', '2020-09-09 21:23:20', '2020-10-09 21:23:20'), ('446', '92', '32', '2020-09-09 21:23:20', '2020-10-09 21:23:20'), ('447', '32', '5', '2020-09-10 21:23:19', '2020-10-10 21:23:19'), ('448', '146', '19', '2020-09-11 21:23:19', '2020-10-11 21:23:19'), ('449', '117', '29', '2020-09-12 21:23:19', '2020-10-12 21:23:19'), ('450', '141', '78', '2020-09-12 21:23:20', '2020-10-12 21:23:20'), ('451', '140', '39', '2020-09-13 21:23:18', '2020-10-13 21:23:18'), ('452', '166', '86', '2020-09-14 21:23:18', '2020-10-14 21:23:18'), ('453', '165', '46', '2020-09-16 21:23:19', '2020-10-16 21:23:19'), ('454', '167', '3', '2020-09-16 21:23:20', '2020-10-16 21:23:20'), ('455', '99', '48', '2020-09-19 21:23:18', '2020-10-19 21:23:18'), ('456', '142', '62', '2020-09-20 21:23:18', '2020-10-20 21:23:18'), ('457', '74', '78', '2020-09-21 21:23:18', '2020-10-21 21:23:18'), ('458', '100', '32', '2020-09-21 21:23:20', '2020-10-21 21:23:20'), ('459', '81', '48', '2020-09-23 21:23:18', '2020-10-23 21:23:18'), ('460', '138', '24', '2020-09-24 21:23:18', '2020-10-24 21:23:18'), ('461', '77', '49', '2020-09-24 21:23:19', '2020-10-24 21:23:19'), ('462', '87', '74', '2020-09-28 21:23:19', '2020-10-28 21:23:19'), ('463', '90', '72', '2020-09-29 21:23:19', '2020-10-29 21:23:19'), ('464', '15', '81', '2020-09-29 21:23:19', '2020-10-29 21:23:19'), ('465', '57', '2', '2020-09-30 21:23:19', '2020-10-30 21:23:19'), ('466', '55', '60', '2020-10-01 21:23:18', '2020-10-31 21:23:18'), ('467', '43', '65', '2020-10-01 21:23:20', '2020-10-31 21:23:20'), ('468', '125', '9', '2020-10-01 21:23:20', '2020-10-31 21:23:20'), ('469', '58', '19', '2020-10-02 21:23:18', '2020-11-01 21:23:18'), ('470', '53', '51', '2020-10-03 21:23:19', '2020-11-02 21:23:19'), ('471', '94', '60', '2020-10-05 21:23:18', '2020-11-04 21:23:18'), ('472', '139', '24', '2020-10-05 21:23:19', '2020-11-04 21:23:19'), ('473', '96', '85', '2020-10-07 21:23:18', '2020-11-06 21:23:18'), ('474', '119', '30', '2020-10-09 21:23:17', '2020-11-08 21:23:17'), ('475', '165', '1', '2020-10-09 21:23:18', '2020-11-08 21:23:18'), ('476', '164', '60', '2020-10-10 21:23:19', '2020-11-09 21:23:19'), ('477', '47', '84', '2020-10-11 21:23:20', '2020-11-10 21:23:20'), ('478', '157', '6', '2020-10-13 21:23:20', '2020-11-12 21:23:20'), ('479', '42', '49', '2020-10-13 21:23:20', '2020-11-12 21:23:20'), ('480', '137', '73', '2020-10-15 21:23:18', '2020-11-14 21:23:18'), ('481', '114', '76', '2020-10-16 21:23:18', '2020-11-15 21:23:18'), ('482', '50', '76', '2020-10-18 21:23:18', '2020-11-17 21:23:18'), ('483', '40', '76', '2020-10-19 21:23:20', '2020-11-18 21:23:20'), ('484', '142', '82', '2020-10-20 21:23:19', '2020-11-19 21:23:19'), ('485', '154', '34', '2020-10-21 21:23:18', '2020-11-20 21:23:18'), ('486', '43', '76', '2020-10-21 21:23:19', '2020-11-20 21:23:19'), ('487', '20', '30', '2020-10-23 21:23:18', '2020-11-22 21:23:18'), ('488', '139', '49', '2020-10-24 21:23:19', '2020-11-23 21:23:19'), ('489', '104', '34', '2020-10-25 21:23:17', '2020-11-24 21:23:17'), ('490', '121', '84', '2020-10-25 21:23:17', '2020-11-24 21:23:17'), ('491', '172', '36', '2020-10-26 21:23:19', '2020-11-25 21:23:19'), ('492', '113', '47', '2020-10-26 21:23:19', '2020-11-25 21:23:19'), ('493', '60', '15', '2020-10-26 21:23:19', '2020-11-25 21:23:19'), ('494', '132', '35', '2020-10-27 21:23:18', '2020-11-26 21:23:18'), ('495', '110', '46', '2020-10-27 21:23:18', '2020-11-26 21:23:18'), ('496', '70', '77', '2020-10-28 21:23:19', '2020-11-27 21:23:19'), ('497', '166', '23', '2020-10-29 21:23:18', '2020-11-28 21:23:18'), ('498', '122', '87', '2020-10-29 21:23:18', '2020-11-28 21:23:18'), ('499', '139', '39', '2020-10-30 21:23:17', '2020-11-29 21:23:17'), ('500', '64', '63', '2020-11-02 21:23:18', '2020-12-02 21:23:18'), ('501', '27', '86', '2020-11-02 21:23:20', '2020-12-02 21:23:20'), ('502', '87', '29', '2020-11-03 21:23:17', '2020-12-03 21:23:17'), ('503', '67', '81', '2020-11-03 21:23:19', '2020-12-03 21:23:19'), ('504', '84', '42', '2020-11-06 21:23:17', '2020-12-06 21:23:17'), ('505', '29', '81', '2020-11-06 21:23:20', '2020-12-06 21:23:20'), ('506', '31', '82', '2020-11-07 21:23:18', '2020-12-07 21:23:18'), ('507', '4', '54', '2020-11-07 21:23:19', '2020-12-07 21:23:19'), ('508', '74', '83', '2020-11-08 21:23:18', '2020-12-08 21:23:18'), ('509', '108', '47', '2020-11-08 21:23:18', '2020-12-08 21:23:18'), ('510', '99', '83', '2020-11-09 21:23:18', '2020-12-09 21:23:18'), ('511', '134', '25', '2020-11-10 21:23:20', '2020-12-10 21:23:20'), ('512', '167', '58', '2020-11-10 21:23:20', '2020-12-10 21:23:20'), ('513', '51', '8', '2020-11-11 21:23:18', '2020-12-11 21:23:18'), ('514', '162', '62', '2020-11-12 21:23:20', '2020-12-12 21:23:20'), ('515', '152', '6', '2020-11-13 21:23:19', '2020-12-13 21:23:19'), ('516', '37', '41', '2020-11-13 21:23:19', '2020-12-13 21:23:19'), ('517', '31', '87', '2020-11-16 21:23:18', '2020-12-16 21:23:18'), ('518', '152', '59', '2020-11-17 21:23:19', '2020-12-17 21:23:19'), ('519', '35', '25', '2020-11-18 21:23:18', '2020-12-18 21:23:18'), ('520', '138', '12', '2020-11-19 21:23:17', '2020-12-19 21:23:17'), ('521', '170', '46', '2020-11-19 21:23:17', '2020-12-19 21:23:17'), ('522', '65', '25', '2020-11-19 21:23:20', '2020-12-19 21:23:20'), ('523', '147', '45', '2020-11-20 21:23:19', '2020-12-20 21:23:19'), ('524', '120', '75', '2020-11-21 21:23:18', '2020-12-21 21:23:18'), ('525', '79', '86', '2020-11-22 21:23:20', '2020-12-22 21:23:20'), ('526', '168', '31', '2020-11-22 21:23:20', '2020-12-22 21:23:20'), ('527', '101', '84', '2020-11-23 21:23:18', '2020-12-23 21:23:18'), ('528', '64', '21', '2020-11-24 21:23:20', '2020-12-24 21:23:20'), ('529', '146', '39', '2020-11-26 21:23:19', '2020-12-26 21:23:19'), ('530', '121', '76', '2020-11-26 21:23:20', '2020-12-26 21:23:20'), ('531', '72', '86', '2020-11-27 21:23:18', '2020-12-27 21:23:18'), ('532', '41', '65', '2020-11-29 21:23:20', '2020-12-29 21:23:20'), ('533', '135', '23', '2020-12-01 21:23:19', '2020-12-31 21:23:19'), ('534', '20', '89', '2020-12-01 21:23:20', '2020-12-31 21:23:20'), ('535', '43', '62', '2020-12-01 21:23:20', '2020-12-31 21:23:20'), ('536', '154', '69', '2020-12-02 21:23:17', '2021-01-01 21:23:17'), ('537', '63', '26', '2020-12-02 21:23:20', '2021-01-01 21:23:20'), ('538', '169', '28', '2020-12-03 21:23:19', '2021-01-02 21:23:19'), ('539', '78', '63', '2020-12-03 21:23:19', '2021-01-02 21:23:19'), ('540', '148', '1', '2020-12-04 21:23:19', '2021-01-03 21:23:19'), ('541', '121', '46', '2020-12-04 21:23:20', '2021-01-03 21:23:20'), ('542', '1', '11', '2020-12-05 21:23:19', '2021-01-04 21:23:19'), ('543', '61', '77', '2020-12-05 21:23:20', '2021-01-04 21:23:20'), ('544', '145', '8', '2020-12-05 21:23:20', '2021-01-04 21:23:20'), ('545', '15', '72', '2020-12-05 21:23:20', '2021-01-04 21:23:20'), ('546', '143', '35', '2020-12-06 21:23:17', '2021-01-05 21:23:17'), ('547', '151', '77', '2020-12-06 21:23:19', '2021-01-05 21:23:19'), ('548', '58', '58', '2020-12-06 21:23:19', '2021-01-05 21:23:19'), ('549', '89', '38', '2020-12-07 21:23:17', '2021-01-06 21:23:17'), ('550', '148', '9', '2020-12-07 21:23:18', '2021-01-06 21:23:18'), ('551', '113', '17', '2020-12-08 21:23:18', '2021-01-07 21:23:18'), ('552', '134', '87', '2020-12-08 21:23:19', '2021-01-07 21:23:19'), ('553', '22', '62', '2020-12-08 21:23:19', '2021-01-07 21:23:19'), ('554', '132', '90', '2020-12-08 21:23:20', '2021-01-07 21:23:20'), ('555', '171', '84', '2020-12-09 21:23:20', '2021-01-08 21:23:20'), ('556', '172', '18', '2020-12-10 21:23:18', '2021-01-09 21:23:18'), ('557', '138', '20', '2020-12-10 21:23:19', '2021-01-09 21:23:19'), ('558', '162', '41', '2020-12-10 21:23:20', '2021-01-09 21:23:20'), ('559', '92', '54', '2020-12-12 21:23:18', '2021-01-11 21:23:18'), ('560', '179', '40', '2020-12-14 21:23:17', '2021-01-13 21:23:17'), ('561', '173', '62', '2020-12-17 21:23:19', '2021-01-16 21:23:19'), ('562', '30', '92', '2020-12-17 21:23:20', '2021-01-16 21:23:20'), ('563', '60', '88', '2020-12-20 21:23:20', '2021-01-19 21:23:20'), ('564', '76', '91', '2020-12-21 21:23:19', '2021-01-20 21:23:19'), ('565', '154', '66', '2020-12-21 21:23:20', '2021-01-20 21:23:20'), ('566', '30', '68', '2020-12-21 21:23:20', '2021-01-20 21:23:20'), ('567', '164', '64', '2020-12-22 21:23:17', '2021-01-21 21:23:17'), ('568', '161', '1', '2020-12-22 21:23:18', '2021-01-21 21:23:18'), ('569', '75', '91', '2020-12-22 21:23:18', '2021-01-21 21:23:18'), ('570', '56', '14', '2020-12-22 21:23:18', '2021-01-21 21:23:18'), ('571', '101', '31', '2020-12-23 21:23:19', '2021-01-22 21:23:19'), ('572', '143', '91', '2020-12-24 21:23:19', '2021-01-23 21:23:19'), ('573', '5', '19', '2020-12-24 21:23:19', '2021-01-23 21:23:19'), ('574', '61', '66', '2020-12-24 21:23:20', '2021-01-23 21:23:20'), ('575', '86', '41', '2020-12-25 21:23:18', '2021-01-24 21:23:18'), ('576', '80', '3', '2020-12-25 21:23:20', '2021-01-24 21:23:20'), ('577', '175', '64', '2020-12-25 21:23:20', '2021-01-24 21:23:20'), ('578', '175', '22', '2020-12-26 21:23:17', '2021-01-25 21:23:17'), ('579', '2', '74', '2020-12-26 21:23:18', '2021-01-25 21:23:18'), ('580', '133', '29', '2020-12-26 21:23:20', '2021-01-25 21:23:20'), ('581', '115', '90', '2020-12-27 21:23:19', '2021-01-26 21:23:19'), ('582', '179', '18', '2020-12-30 21:23:19', '2021-01-29 21:23:19'), ('583', '106', '35', '2020-12-30 21:23:20', '2021-01-29 21:23:20'), ('584', '165', '5', '2020-12-31 21:23:18', '2021-01-30 21:23:18'), ('585', '136', '58', '2021-01-02 21:23:19', '2021-02-01 21:23:19'), ('586', '163', '56', '2021-01-03 21:23:19', '2021-02-02 21:23:19'), ('587', '22', '34', '2021-01-03 21:23:19', '2021-02-02 21:23:19'), ('588', '181', '53', '2021-01-03 21:23:19', '2021-02-02 21:23:19'), ('589', '145', '29', '2021-01-04 21:23:19', '2021-02-03 21:23:19'), ('590', '152', '93', '2021-01-04 21:23:19', '2021-02-03 21:23:19'), ('591', '24', '48', '2021-01-05 21:23:20', '2021-02-04 21:23:20'), ('592', '177', '17', '2021-01-06 21:23:17', '2021-02-05 21:23:17'), ('593', '115', '89', '2021-01-06 21:23:18', '2021-02-05 21:23:18'), ('594', '56', '93', '2021-01-06 21:23:19', '2021-02-05 21:23:19'), ('595', '156', '64', '2021-01-07 21:23:18', '2021-02-06 21:23:18'), ('596', '163', '3', '2021-01-08 21:23:20', '2021-02-07 21:23:20'), ('597', '150', '23', '2021-01-09 21:23:18', '2021-02-08 21:23:18'), ('598', '13', '88', '2021-01-09 21:23:18', '2021-02-08 21:23:18'), ('599', '179', '81', '2021-01-10 21:23:19', '2021-02-09 21:23:19'), ('600', '175', '15', '2021-01-11 21:23:20', '2021-02-10 21:23:20'), ('601', '42', '88', '2021-01-12 21:23:18', '2021-02-11 21:23:18'), ('602', '11', '67', '2021-01-13 21:23:18', '2021-02-12 21:23:18'), ('603', '55', '91', '2021-01-13 21:23:20', '2021-02-12 21:23:20'), ('604', '153', '22', '2021-01-15 21:23:18', '2021-02-14 21:23:18'), ('605', '138', '60', '2021-01-15 21:23:18', '2021-02-14 21:23:18'), ('606', '172', '57', '2021-01-15 21:23:19', '2021-02-14 21:23:19'), ('607', '88', '74', '2021-01-15 21:23:20', '2021-02-14 21:23:20'), ('608', '85', '87', '2021-01-15 21:23:20', '2021-02-14 21:23:20'), ('609', '120', '69', '2021-01-16 21:23:19', '2021-02-15 21:23:19'), ('610', '83', '53', '2021-01-16 21:23:20', '2021-02-15 21:23:20'), ('611', '149', '38', '2021-01-17 21:23:19', '2021-02-16 21:23:19'), ('612', '140', '50', '2021-01-17 21:23:19', '2021-02-16 21:23:19'), ('613', '37', '85', '2021-01-18 21:23:18', '2021-02-17 21:23:18'), ('614', '117', '75', '2021-01-19 21:23:18', '2021-02-18 21:23:18'), ('615', '102', '86', '2021-01-19 21:23:18', '2021-02-18 21:23:18'), ('616', '23', '85', '2021-01-20 21:23:18', '2021-02-19 21:23:18'), ('617', '111', '87', '2021-01-20 21:23:19', '2021-02-19 21:23:19'), ('618', '143', '41', '2021-01-20 21:23:20', '2021-02-19 21:23:20'), ('619', '24', '89', '2021-01-21 21:23:18', '2021-02-20 21:23:18'), ('620', '145', '47', '2021-01-21 21:23:19', '2021-02-20 21:23:19'), ('621', '23', '47', '2021-01-21 21:23:19', '2021-02-20 21:23:19'), ('622', '178', '27', '2021-01-21 21:23:19', '2021-02-20 21:23:19'), ('623', '135', '3', '2021-01-22 21:23:19', '2021-02-21 21:23:19'), ('624', '19', '78', '2021-01-22 21:23:19', '2021-02-21 21:23:19'), ('625', '61', '44', '2021-01-22 21:23:20', '2021-02-21 21:23:20'), ('626', '122', '27', '2021-01-23 21:23:17', '2021-02-22 21:23:17'), ('627', '84', '80', '2021-01-23 21:23:19', '2021-02-22 21:23:19'), ('628', '103', '91', '2021-01-23 21:23:20', '2021-02-22 21:23:20'), ('629', '85', '63', '2021-01-24 21:23:17', '2021-02-23 21:23:17'), ('630', '122', '11', '2021-01-24 21:23:18', '2021-02-23 21:23:18'), ('631', '139', '90', '2021-01-24 21:23:18', '2021-02-23 21:23:18'), ('632', '60', '53', '2021-01-25 21:23:18', '2021-02-24 21:23:18'), ('633', '86', '38', '2021-01-25 21:23:19', '2021-02-24 21:23:19'), ('634', '45', '77', '2021-01-25 21:23:19', '2021-02-24 21:23:19'), ('635', '18', '93', '2021-01-25 21:23:19', '2021-02-24 21:23:19'), ('636', '180', '92', '2021-01-26 21:23:19', '2021-02-25 21:23:19'), ('637', '182', '88', '2021-01-28 21:23:18', '2021-02-27 21:23:18'), ('638', '134', '48', '2021-01-28 21:23:19', '2021-02-27 21:23:19'), ('639', '173', '36', '2021-01-29 21:23:18', '2021-02-28 21:23:18'), ('640', '59', '4', '2021-01-29 21:23:19', '2021-02-28 21:23:19'), ('641', '184', '8', '2021-01-30 21:23:18', '2021-03-01 21:23:18'), ('642', '178', '44', '2021-01-31 21:23:18', '2021-03-02 21:23:18'), ('643', '73', '47', '2021-02-01 21:23:17', '2021-03-03 21:23:17'), ('644', '28', '73', '2021-02-01 21:23:19', '2021-03-03 21:23:19'), ('645', '155', '88', '2021-02-01 21:23:19', '2021-03-03 21:23:19'), ('646', '51', '31', '2021-02-02 21:23:18', '2021-03-04 21:23:18'), ('647', '183', '57', '2021-02-02 21:23:18', '2021-03-04 21:23:18'), ('648', '24', '27', '2021-02-04 21:23:18', '2021-03-06 21:23:18'), ('649', '180', '68', '2021-02-04 21:23:20', '2021-03-06 21:23:20'), ('650', '178', '94', '2021-02-05 21:23:19', '2021-03-07 21:23:19'), ('651', '185', '2', '2021-02-05 21:23:19', '2021-03-07 21:23:19'), ('652', '171', '1', '2021-02-05 21:23:20', '2021-03-07 21:23:20'), ('653', '133', '90', '2021-02-05 21:23:20', '2021-03-07 21:23:20'), ('654', '155', '34', '2021-02-06 21:23:19', '2021-03-08 21:23:19'), ('655', '59', '68', '2021-02-07 21:23:18', '2021-03-09 21:23:18'), ('656', '121', '26', '2021-02-07 21:23:18', '2021-03-09 21:23:18'), ('657', '116', '77', '2021-02-08 21:23:19', '2021-03-10 21:23:19'), ('658', '155', '53', '2021-02-09 21:23:18', '2021-03-11 21:23:18'), ('659', '81', '88', '2021-02-09 21:23:18', '2021-03-11 21:23:18'), ('660', '175', '28', '2021-02-09 21:23:18', '2021-03-11 21:23:18'), ('661', '106', '93', '2021-02-09 21:23:19', '2021-03-11 21:23:19'), ('662', '93', '54', '2021-02-09 21:23:20', '2021-03-11 21:23:20'), ('663', '166', '17', '2021-02-09 21:23:20', '2021-03-11 21:23:20'), ('664', '173', '62', '2021-02-10 21:23:18', '2021-03-12 21:23:18'), ('665', '138', '28', '2021-02-13 21:23:17', '2021-03-15 21:23:17'), ('666', '168', '94', '2021-02-13 21:23:18', '2021-03-15 21:23:18'), ('667', '6', '92', '2021-02-13 21:23:19', '2021-03-15 21:23:19'), ('668', '46', '9', '2021-02-13 21:23:20', '2021-03-15 21:23:20'), ('669', '12', '92', '2021-02-14 21:23:19', '2021-03-16 21:23:19'), ('670', '89', '37', '2021-02-14 21:23:19', '2021-03-16 21:23:19'), ('671', '142', '90', '2021-02-14 21:23:19', '2021-03-16 21:23:19'), ('672', '180', '64', '2021-02-14 21:23:20', '2021-03-16 21:23:20'), ('673', '48', '80', '2021-02-15 21:23:17', '2021-03-17 21:23:17'), ('674', '99', '81', '2021-02-15 21:23:18', '2021-03-17 21:23:18'), ('675', '84', '28', '2021-02-15 21:23:18', '2021-03-17 21:23:18'), ('676', '182', '17', '2021-02-16 21:23:18', '2021-03-18 21:23:18'), ('677', '82', '26', '2021-02-16 21:23:19', '2021-03-18 21:23:19'), ('678', '166', '55', '2021-02-16 21:23:19', '2021-03-18 21:23:19'), ('679', '143', '90', '2021-02-17 21:23:19', '2021-03-19 21:23:19'), ('680', '29', '34', '2021-02-17 21:23:20', '2021-03-19 21:23:20'), ('681', '157', '42', '2021-02-18 21:23:18', '2021-03-20 21:23:18'), ('682', '37', '35', '2021-02-18 21:23:18', '2021-03-20 21:23:18'), ('683', '41', '94', '2021-02-19 21:23:20', '2021-03-21 21:23:20'), ('684', '151', '12', '2021-02-20 21:23:20', '2021-03-22 21:23:20'), ('685', '132', '94', '2021-02-21 21:23:18', '2021-03-23 21:23:18'), ('686', '46', '11', '2021-02-21 21:23:20', '2021-03-23 21:23:20'), ('687', '166', '18', '2021-02-21 21:23:20', '2021-03-23 21:23:20'), ('688', '88', '55', '2021-02-23 21:23:18', '2021-03-25 21:23:18'), ('689', '96', '94', '2021-02-23 21:23:19', '2021-03-25 21:23:19'), ('690', '149', '58', '2021-02-23 21:23:20', '2021-03-25 21:23:20'), ('691', '169', '56', '2021-02-24 21:23:19', '2021-03-26 21:23:19'), ('692', '149', '18', '2021-02-24 21:23:19', '2021-03-26 21:23:19'), ('693', '114', '82', '2021-02-24 21:23:20', '2021-03-26 21:23:20'), ('694', '187', '38', '2021-02-25 21:23:19', '2021-03-27 21:23:19'), ('695', '147', '48', '2021-02-25 21:23:19', '2021-03-27 21:23:19'), ('696', '181', '77', '2021-02-25 21:23:20', '2021-03-27 21:23:20'), ('697', '116', '16', '2021-02-25 21:23:20', '2021-03-27 21:23:20'), ('698', '172', '16', '2021-02-26 21:23:18', '2021-03-28 21:23:18'), ('699', '184', '66', '2021-02-26 21:23:19', '2021-03-28 21:23:19'), ('700', '188', '10', '2021-02-26 21:23:20', '2021-03-28 21:23:20'), ('701', '189', '3', '2021-02-26 21:23:20', '2021-03-28 21:23:20'), ('702', '68', '79', '2021-02-27 21:23:17', '2021-03-29 21:23:17'), ('703', '189', '43', '2021-02-27 21:23:20', '2021-03-29 21:23:20'), ('704', '171', '77', '2021-02-28 21:23:18', '2021-03-30 21:23:18'), ('705', '175', '13', '2021-03-01 21:23:18', '2021-03-31 21:23:18'), ('706', '108', '45', '2021-03-01 21:23:19', '2021-03-31 21:23:19'), ('707', '125', '57', '2021-03-01 21:23:19', '2021-03-31 21:23:19'), ('708', '189', '19', '2021-03-02 21:23:18', '2021-04-01 21:23:18'), ('709', '188', '38', '2021-03-02 21:23:18', '2021-04-01 21:23:18'), ('710', '69', '71', '2021-03-02 21:23:20', '2021-04-01 21:23:20'), ('711', '13', '94', '2021-03-03 21:23:18', '2021-04-02 21:23:18'), ('712', '190', '4', '2021-03-03 21:23:18', '2021-04-02 21:23:18'), ('713', '128', '73', '2021-03-03 21:23:20', '2021-04-02 21:23:20'), ('714', '114', '86', '2021-03-04 21:23:18', '2021-04-03 21:23:18'), ('715', '83', '89', '2021-03-04 21:23:20', '2021-04-03 21:23:20'), ('716', '178', '81', '2021-03-04 21:23:20', '2021-04-03 21:23:20'), ('717', '102', '60', '2021-03-05 21:23:18', '2021-04-04 21:23:18'), ('718', '159', '71', '2021-03-06 21:23:18', '2021-04-05 21:23:18'), ('719', '149', '60', '2021-03-06 21:23:19', '2021-04-05 21:23:19'), ('720', '48', '62', '2021-03-07 21:23:17', '2021-04-06 21:23:17'), ('721', '189', '36', '2021-03-08 21:23:17', '2021-04-07 21:23:17'), ('722', '147', '24', '2021-03-08 21:23:20', '2021-04-07 21:23:20'), ('723', '95', '69', '2021-03-09 21:23:19', '2021-04-08 21:23:19'), ('724', '176', '46', '2021-03-09 21:23:19', '2021-04-08 21:23:19'), ('725', '127', '83', '2021-03-10 21:23:20', '2021-04-09 21:23:20'), ('726', '164', '85', '2021-03-10 21:23:20', '2021-04-09 21:23:20'), ('727', '16', '75', '2021-03-11 21:23:18', '2021-04-10 21:23:18'), ('728', '186', '54', '2021-03-11 21:23:20', '2021-04-10 21:23:20'), ('729', '177', '70', '2021-03-12 21:23:18', '2021-04-11 21:23:18'), ('730', '187', '75', '2021-03-12 21:23:18', '2021-04-11 21:23:18'), ('731', '126', '77', '2021-03-12 21:23:20', '2021-04-11 21:23:20'), ('732', '48', '23', '2021-03-13 21:23:18', '2021-04-12 21:23:18'), ('733', '131', '29', '2021-03-13 21:23:18', '2021-04-12 21:23:18'), ('734', '120', '22', '2021-03-14 21:23:17', '2021-04-13 21:23:17'), ('735', '159', '82', '2021-03-14 21:23:18', '2021-04-13 21:23:18'), ('736', '183', '13', '2021-03-14 21:23:20', '2021-04-13 21:23:20'), ('737', '26', '48', '2021-03-15 21:23:19', '2021-04-14 21:23:19'), ('738', '116', '51', '2021-03-16 21:23:18', '2021-04-15 21:23:18'), ('739', '124', '29', '2021-03-16 21:23:19', '2021-04-15 21:23:19'), ('740', '34', '90', '2021-03-17 21:23:18', '2021-04-16 21:23:18'), ('741', '172', '61', '2021-03-17 21:23:18', '2021-04-16 21:23:18'), ('742', '28', '5', '2021-03-17 21:23:18', '2021-04-16 21:23:18'), ('743', '152', '26', '2021-03-17 21:23:19', '2021-04-16 21:23:19'), ('744', '76', '96', '2021-03-17 21:23:20', '2021-04-16 21:23:20'), ('745', '100', '52', '2021-03-18 21:23:19', '2021-04-17 21:23:19'), ('746', '149', '89', '2021-03-18 21:23:19', '2021-04-17 21:23:19'), ('747', '48', '67', '2021-03-18 21:23:20', '2021-04-17 21:23:20'), ('748', '188', '73', '2021-03-18 21:23:20', '2021-04-17 21:23:20'), ('749', '55', '96', '2021-03-19 21:23:18', '2021-04-18 21:23:18'), ('750', '168', '37', '2021-03-19 21:23:19', '2021-04-18 21:23:19'), ('751', '115', '89', '2021-03-19 21:23:19', '2021-04-18 21:23:19'), ('752', '144', '95', '2021-03-19 21:23:19', '2021-04-18 21:23:19'), ('753', '192', '54', '2021-03-20 21:23:18', '2021-04-19 21:23:18'), ('754', '189', '89', '2021-03-21 21:23:19', '2021-04-20 21:23:19'), ('755', '165', '51', '2021-03-22 21:23:18', '2021-04-21 21:23:18'), ('756', '72', '94', '2021-03-22 21:23:18', '2021-04-21 21:23:18'), ('757', '67', '22', '2021-03-22 21:23:19', '2021-04-21 21:23:19'), ('758', '153', '24', '2021-03-22 21:23:19', '2021-04-21 21:23:19'), ('759', '155', '10', '2021-03-22 21:23:19', '2021-04-21 21:23:19'), ('760', '56', '96', '2021-03-22 21:23:20', '2021-04-21 21:23:20'), ('761', '142', '87', '2021-03-22 21:23:20', '2021-04-21 21:23:20'), ('762', '170', '90', '2021-03-23 21:23:18', '2021-04-22 21:23:18'), ('763', '134', '1', '2021-03-23 21:23:20', '2021-04-22 21:23:20'), ('764', '11', '60', '2021-03-23 21:23:20', '2021-04-22 21:23:20'), ('765', '150', '18', '2021-03-24 21:23:19', '2021-04-23 21:23:19'), ('766', '137', '14', '2021-03-25 21:23:18', '2021-04-24 21:23:18'), ('767', '181', '57', '2021-03-25 21:23:19', '2021-04-24 21:23:19'), ('768', '136', '8', '2021-03-25 21:23:19', '2021-04-24 21:23:19'), ('769', '190', '39', '2021-03-26 21:23:17', '2021-04-25 21:23:17'), ('770', '151', '89', '2021-03-26 21:23:18', '2021-04-25 21:23:18'), ('771', '193', '7', '2021-03-27 21:23:17', '2021-04-26 21:23:17'), ('772', '192', '83', '2021-03-28 21:23:18', '2021-04-27 21:23:18'), ('773', '115', '92', '2021-03-28 21:23:19', '2021-04-27 21:23:19'), ('774', '190', '47', '2021-03-28 21:23:19', '2021-04-27 21:23:19'), ('775', '18', '76', '2021-03-28 21:23:19', '2021-04-27 21:23:19'), ('776', '181', '46', '2021-03-28 21:23:20', '2021-04-27 21:23:20'), ('777', '171', '45', '2021-03-29 21:23:17', '2021-04-28 21:23:17'), ('778', '191', '24', '2021-03-29 21:23:17', '2021-04-28 21:23:17'), ('779', '108', '82', '2021-03-29 21:23:18', '2021-04-28 21:23:18'), ('780', '178', '6', '2021-03-29 21:23:19', '2021-04-28 21:23:19'), ('781', '151', '97', '2021-03-29 21:23:19', '2021-04-28 21:23:19'), ('782', '130', '54', '2021-03-30 21:23:19', '2021-04-29 21:23:19'), ('783', '99', '64', '2021-03-31 21:23:18', '2021-04-30 21:23:18'), ('784', '98', '6', '2021-03-31 21:23:19', '2021-04-30 21:23:19'), ('785', '161', '17', '2021-03-31 21:23:20', '2021-04-30 21:23:20'), ('786', '84', '92', '2021-04-01 21:23:17', '2021-05-01 21:23:17'), ('787', '9', '98', '2021-04-01 21:23:18', '2021-05-01 21:23:18'), ('788', '29', '98', '2021-04-01 21:23:18', '2021-05-01 21:23:18'), ('789', '193', '94', '2021-04-01 21:23:18', '2021-05-01 21:23:18'), ('790', '72', '81', '2021-04-01 21:23:19', '2021-05-01 21:23:19'), ('791', '160', '16', '2021-04-02 21:23:19', '2021-05-02 21:23:19'), ('792', '159', '52', '2021-04-03 21:23:17', '2021-05-03 21:23:17'), ('793', '185', '62', '2021-04-03 21:23:17', '2021-05-03 21:23:17'), ('794', '145', '89', '2021-04-03 21:23:18', '2021-05-03 21:23:18'), ('795', '144', '92', '2021-04-03 21:23:19', '2021-05-03 21:23:19'), ('796', '89', '64', '2021-04-03 21:23:19', '2021-05-03 21:23:19'), ('797', '137', '66', '2021-04-04 21:23:17', '2021-05-04 21:23:17'), ('798', '112', '90', '2021-04-04 21:23:18', '2021-05-04 21:23:18'), ('799', '187', '33', '2021-04-04 21:23:19', '2021-05-04 21:23:19'), ('800', '184', '76', '2021-04-04 21:23:20', '2021-05-04 21:23:20'), ('801', '78', '81', '2021-04-04 21:23:20', '2021-05-04 21:23:20'), ('802', '114', '88', '2021-04-04 21:23:20', '2021-05-04 21:23:20'), ('803', '135', '98', '2021-04-04 21:23:20', '2021-05-04 21:23:20'), ('804', '142', '78', '2021-04-05 21:23:18', '2021-05-05 21:23:18'), ('805', '46', '65', '2021-04-05 21:23:19', '2021-05-05 21:23:19'), ('806', '76', '44', '2021-04-05 21:23:20', '2021-05-05 21:23:20'), ('807', '45', '62', '2021-04-06 21:23:18', '2021-05-06 21:23:18'), ('808', '161', '73', '2021-04-06 21:23:19', '2021-05-06 21:23:19'), ('809', '121', '76', '2021-04-06 21:23:20', '2021-05-06 21:23:20'), ('810', '125', '98', '2021-04-08 21:23:19', '2021-05-08 21:23:19'), ('811', '18', '82', '2021-04-08 21:23:20', '2021-05-08 21:23:20'), ('812', '50', '49', '2021-04-09 21:23:19', '2021-05-09 21:23:19'), ('813', '176', '96', '2021-04-09 21:23:20', '2021-05-09 21:23:20'), ('814', '160', '42', '2021-04-09 21:23:20', '2021-05-09 21:23:20'), ('815', '19', '46', '2021-04-10 21:23:20', '2021-05-10 21:23:20'), ('816', '177', '93', '2021-04-11 21:23:18', '2021-05-11 21:23:18'), ('817', '170', '29', '2021-04-11 21:23:18', '2021-05-11 21:23:18'), ('818', '141', '93', '2021-04-11 21:23:19', '2021-05-11 21:23:19'), ('819', '153', '94', '2021-04-11 21:23:20', '2021-05-11 21:23:20'), ('820', '77', '90', '2021-04-12 21:23:18', '2021-05-12 21:23:18'), ('821', '191', '94', '2021-04-13 21:23:19', '2021-05-13 21:23:19'), ('822', '160', '77', '2021-04-14 21:23:18', '2021-05-14 21:23:18'), ('823', '177', '13', '2021-04-14 21:23:20', '2021-05-14 21:23:20'), ('824', '113', '96', '2021-04-15 21:23:18', '2021-05-15 21:23:18'), ('825', '123', '28', '2021-04-15 21:23:19', '2021-05-15 21:23:19'), ('826', '171', '85', '2021-04-16 21:23:18', '2021-05-16 21:23:18'), ('827', '31', '84', '2021-04-16 21:23:19', '2021-05-16 21:23:19'), ('828', '148', '88', '2021-04-17 21:23:18', '2021-05-17 21:23:18'), ('829', '138', '96', '2021-04-17 21:23:19', '2021-05-17 21:23:19'), ('830', '106', '48', '2021-04-17 21:23:19', '2021-05-17 21:23:19'), ('831', '180', '55', '2021-04-17 21:23:20', '2021-05-17 21:23:20'), ('832', '188', '52', '2021-04-17 21:23:20', '2021-05-17 21:23:20'), ('833', '113', '84', '2021-04-17 21:23:20', '2021-05-17 21:23:20'), ('834', '84', '74', '2021-04-18 21:23:18', '2021-05-18 21:23:18'), ('835', '126', '86', '2021-04-19 21:23:17', '2021-05-19 21:23:17'), ('836', '140', '88', '2021-04-19 21:23:17', '2021-05-19 21:23:17'), ('837', '101', '93', '2021-04-19 21:23:19', '2021-05-19 21:23:19'), ('838', '168', '21', '2021-04-19 21:23:19', '2021-05-19 21:23:19'), ('839', '191', '77', '2021-04-19 21:23:19', '2021-05-19 21:23:19'), ('840', '120', '41', '2021-04-19 21:23:19', '2021-05-19 21:23:19'), ('841', '45', '93', '2021-04-19 21:23:20', '2021-05-19 21:23:20'), ('842', '165', '48', '2021-04-20 21:23:17', '2021-05-20 21:23:17'), ('843', '132', '7', '2021-04-20 21:23:18', '2021-05-20 21:23:18'), ('844', '125', '8', '2021-04-20 21:23:18', '2021-05-20 21:23:18'), ('845', '21', '97', '2021-04-20 21:23:18', '2021-05-20 21:23:18'), ('846', '116', '31', '2021-04-20 21:23:19', '2021-05-20 21:23:19'), ('847', '164', '94', '2021-04-20 21:23:20', '2021-05-20 21:23:20'), ('848', '168', '90', '2021-04-21 21:23:18', '2021-05-21 21:23:18'), ('849', '180', '83', '2021-04-21 21:23:18', '2021-05-21 21:23:18'), ('850', '195', '89', '2021-04-21 21:23:20', '2021-05-21 21:23:20'), ('851', '179', '94', '2021-04-22 21:23:17', '2021-05-22 21:23:17'), ('852', '44', '53', '2021-04-22 21:23:20', '2021-05-22 21:23:20'), ('853', '184', '82', '2021-04-22 21:23:20', '2021-05-22 21:23:20'), ('854', '136', '95', '2021-04-22 21:23:20', '2021-05-22 21:23:20'), ('855', '98', '81', '2021-04-23 21:23:18', '2021-05-23 21:23:18'), ('856', '101', '21', '2021-04-23 21:23:18', '2021-05-23 21:23:18'), ('857', '176', '35', '2021-04-23 21:23:20', '2021-05-23 21:23:20'), ('858', '186', '15', '2021-04-24 21:23:17', '2021-05-24 21:23:17'), ('859', '177', '20', '2021-04-24 21:23:20', '2021-05-24 21:23:20'), ('860', '121', '93', '2021-04-25 21:23:18', '2021-05-25 21:23:18'), ('861', '160', '2', '2021-04-25 21:23:20', '2021-05-25 21:23:20'), ('862', '185', '53', '2021-04-25 21:23:20', '2021-05-25 21:23:20'), ('863', '64', '78', '2021-04-26 21:23:17', '2021-05-26 21:23:17'), ('864', '70', '89', '2021-04-26 21:23:19', '2021-05-26 21:23:19'), ('865', '189', '10', '2021-04-26 21:23:20', '2021-05-26 21:23:20'), ('866', '103', '95', '2021-04-27 21:23:18', '2021-05-27 21:23:18'), ('867', '175', '3', '2021-04-27 21:23:19', '2021-05-27 21:23:19'), ('868', '191', '68', '2021-04-27 21:23:19', '2021-05-27 21:23:19'), ('869', '168', '88', '2021-04-27 21:23:20', '2021-05-27 21:23:20'), ('870', '106', '82', '2021-04-27 21:23:20', '2021-05-27 21:23:20'), ('871', '173', '10', '2021-04-27 21:23:20', '2021-05-27 21:23:20'), ('872', '195', '94', '2021-04-27 21:23:20', '2021-05-27 21:23:20'), ('873', '181', '98', '2021-04-28 21:23:18', '2021-05-28 21:23:18'), ('874', '133', '89', '2021-04-28 21:23:18', '2021-05-28 21:23:18'), ('875', '194', '35', '2021-04-28 21:23:19', '2021-05-28 21:23:19'), ('876', '165', '63', '2021-04-28 21:23:19', '2021-05-28 21:23:19'), ('877', '42', '98', '2021-04-28 21:23:20', '2021-05-28 21:23:20'), ('878', '145', '27', '2021-04-28 21:23:20', '2021-05-28 21:23:20'), ('879', '67', '64', '2021-04-29 21:23:17', '2021-05-29 21:23:17'), ('880', '186', '38', '2021-04-29 21:23:20', '2021-05-29 21:23:20'), ('881', '176', '61', '2021-04-29 21:23:20', '2021-05-29 21:23:20'), ('882', '143', '98', '2021-04-30 21:23:17', '2021-05-30 21:23:17'), ('883', '22', '93', '2021-04-30 21:23:18', '2021-05-30 21:23:18'), ('884', '188', '40', '2021-04-30 21:23:19', '2021-05-30 21:23:19'), ('885', '41', '75', '2021-04-30 21:23:20', '2021-05-30 21:23:20'), ('886', '124', '29', '2021-04-30 21:23:20', '2021-05-30 21:23:20'), ('887', '45', '96', '2021-05-01 21:23:18', '2021-05-31 21:23:18'), ('888', '178', '6', '2021-05-01 21:23:19', '2021-05-31 21:23:19'), ('889', '157', '2', '2021-05-01 21:23:19', '2021-05-31 21:23:19'), ('890', '32', '54', '2021-05-01 21:23:19', '2021-05-31 21:23:19'), ('891', '72', '96', '2021-05-02 21:23:20', '2021-06-01 21:23:20'), ('892', '147', '13', '2021-05-03 21:23:18', '2021-06-02 21:23:18'), ('893', '143', '97', '2021-05-03 21:23:20', '2021-06-02 21:23:20'), ('894', '188', '98', '2021-05-04 21:23:18', '2021-06-03 21:23:18'), ('895', '108', '97', '2021-05-04 21:23:18', '2021-06-03 21:23:18'), ('896', '8', '95', '2021-05-04 21:23:18', '2021-06-03 21:23:18'), ('897', '98', '14', '2021-05-04 21:23:20', '2021-06-03 21:23:20'), ('898', '116', '72', '2021-05-05 21:23:18', '2021-06-04 21:23:18'), ('899', '165', '93', '2021-05-05 21:23:19', '2021-06-04 21:23:19'), ('900', '59', '74', '2021-05-05 21:23:19', '2021-06-04 21:23:19'), ('901', '34', '68', '2021-05-05 21:23:19', '2021-06-04 21:23:19'), ('902', '98', '90', '2021-05-05 21:23:19', '2021-06-04 21:23:19'), ('903', '124', '84', '2021-05-06 21:23:17', '2021-06-05 21:23:17'), ('904', '181', '60', '2021-05-06 21:23:19', '2021-06-05 21:23:19'), ('905', '94', '90', '2021-05-07 21:23:20', '2021-06-06 21:23:20'), ('906', '148', '94', '2021-05-08 21:23:18', '2021-06-07 21:23:18'), ('907', '76', '42', '2021-05-09 21:23:18', '2021-06-08 21:23:18'), ('908', '182', '8', '2021-05-09 21:23:18', '2021-06-08 21:23:18'), ('909', '133', '93', '2021-05-09 21:23:20', '2021-06-08 21:23:20'), ('910', '165', '30', '2021-05-10 21:23:18', '2021-06-09 21:23:18'), ('911', '141', '8', '2021-05-10 21:23:18', '2021-06-09 21:23:18'), ('912', '18', '94', '2021-05-10 21:23:19', '2021-06-09 21:23:19'), ('913', '177', '97', '2021-05-11 21:23:19', '2021-06-10 21:23:19'), ('914', '84', '95', '2021-05-11 21:23:20', '2021-06-10 21:23:20'), ('915', '83', '81', '2021-05-11 21:23:20', '2021-06-10 21:23:20'), ('916', '196', '63', '2021-05-11 21:23:20', '2021-06-10 21:23:20'), ('917', '161', '12', '2021-05-12 21:23:18', '2021-06-11 21:23:18'), ('918', '190', '97', '2021-05-12 21:23:18', '2021-06-11 21:23:18'), ('919', '97', '78', '2021-05-12 21:23:19', '2021-06-11 21:23:19'), ('920', '194', '75', '2021-05-12 21:23:19', '2021-06-11 21:23:19'), ('921', '54', '90', '2021-05-13 21:23:18', '2021-06-12 21:23:18'), ('922', '19', '99', '2021-05-13 21:23:18', '2021-06-12 21:23:18'), ('923', '197', '11', '2021-05-13 21:23:19', '2021-06-12 21:23:19'), ('924', '108', '18', '2021-05-13 21:23:19', '2021-06-12 21:23:19'), ('925', '187', '32', '2021-05-14 21:23:17', '2021-06-13 21:23:17'), ('926', '153', '77', '2021-05-14 21:23:18', '2021-06-13 21:23:18'), ('927', '197', '30', '2021-05-14 21:23:18', '2021-06-13 21:23:18'), ('928', '9', '78', '2021-05-14 21:23:19', '2021-06-13 21:23:19'), ('929', '102', '95', '2021-05-15 21:23:19', '2021-06-14 21:23:19'), ('930', '6', '97', '2021-05-15 21:23:19', '2021-06-14 21:23:19'), ('931', '138', '12', '2021-05-15 21:23:20', '2021-06-14 21:23:20'), ('932', '91', '39', '2021-05-16 21:23:18', '2021-06-15 21:23:18'), ('933', '179', '70', '2021-05-16 21:23:18', '2021-06-15 21:23:18'), ('934', '167', '89', '2021-05-16 21:23:20', '2021-06-15 21:23:20'), ('935', '193', '18', '2021-05-17 21:23:18', '2021-06-16 21:23:18'), ('936', '50', '1', '2021-05-17 21:23:19', '2021-06-16 21:23:19'), ('937', '172', '99', '2021-05-17 21:23:19', '2021-06-16 21:23:19'), ('938', '188', '80', '2021-05-17 21:23:19', '2021-06-16 21:23:19'), ('939', '195', '78', '2021-05-17 21:23:19', '2021-06-16 21:23:19'), ('940', '180', '29', '2021-05-18 21:23:18', '2021-06-17 21:23:18'), ('941', '5', '94', '2021-05-18 21:23:18', '2021-06-17 21:23:18'), ('942', '91', '99', '2021-05-18 21:23:19', '2021-06-17 21:23:19'), ('943', '78', '61', '2021-05-18 21:23:20', '2021-06-17 21:23:20'), ('944', '37', '95', '2021-05-19 21:23:19', '2021-06-18 21:23:19'), ('945', '92', '99', '2021-05-19 21:23:19', '2021-06-18 21:23:19'), ('946', '2', '93', '2021-05-19 21:23:19', '2021-06-18 21:23:19'), ('947', '111', '99', '2021-05-19 21:23:20', '2021-06-18 21:23:20'), ('948', '138', '96', '2021-05-19 21:23:20', '2021-06-18 21:23:20'), ('949', '188', '4', '2021-05-20 21:23:18', '2021-06-19 21:23:18'), ('950', '121', '8', '2021-05-20 21:23:18', '2021-06-19 21:23:18'), ('951', '159', '99', '2021-05-21 21:23:18', '2021-06-20 21:23:18'), ('952', '81', '72', '2021-05-21 21:23:18', '2021-06-20 21:23:18'), ('953', '123', '88', '2021-05-21 21:23:18', '2021-06-20 21:23:18'), ('954', '159', '84', '2021-05-21 21:23:20', '2021-06-20 21:23:20'), ('955', '50', '99', '2021-05-22 21:23:17', '2021-06-21 21:23:17'), ('956', '134', '99', '2021-05-22 21:23:17', '2021-06-21 21:23:17'), ('957', '197', '20', '2021-05-22 21:23:18', '2021-06-21 21:23:18'), ('958', '198', '66', '2021-05-22 21:23:18', '2021-06-21 21:23:18'), ('959', '30', '97', '2021-05-22 21:23:18', '2021-06-21 21:23:18'), ('960', '32', '85', '2021-05-22 21:23:19', '2021-06-21 21:23:19'), ('961', '118', '94', '2021-05-22 21:23:19', '2021-06-21 21:23:19'), ('962', '199', '8', '2021-05-22 21:23:19', '2021-06-21 21:23:19'), ('963', '153', '95', '2021-05-23 21:23:18', '2021-06-22 21:23:18'), ('964', '198', '61', '2021-05-23 21:23:18', '2021-06-22 21:23:18'), ('965', '180', '60', '2021-05-23 21:23:18', '2021-06-22 21:23:18'), ('966', '199', '96', '2021-05-23 21:23:19', '2021-06-22 21:23:19'), ('967', '34', '99', '2021-05-23 21:23:19', '2021-06-22 21:23:19'), ('968', '195', '74', '2021-05-23 21:23:20', '2021-06-22 21:23:20'), ('969', '198', '87', '2021-05-23 21:23:20', '2021-06-22 21:23:20'), ('970', '116', '96', '2021-05-23 21:23:20', '2021-06-22 21:23:20'), ('971', '39', '96', '2021-05-24 21:23:18', '2021-06-23 21:23:18'), ('972', '19', '86', '2021-05-24 21:23:18', '2021-06-23 21:23:18'), ('973', '151', '66', '2021-05-24 21:23:18', '2021-06-23 21:23:18'), ('974', '121', '85', '2021-05-24 21:23:20', '2021-06-23 21:23:20'), ('975', '199', '51', '2021-05-24 21:23:20', '2021-06-23 21:23:20'), ('976', '15', '92', '2021-05-25 21:23:18', '2021-06-24 21:23:18'), ('977', '191', '24', '2021-05-25 21:23:18', '2021-06-24 21:23:18'), ('978', '92', '99', '2021-05-25 21:23:19', '2021-06-24 21:23:19'), ('979', '197', '43', '2021-05-25 21:23:19', '2021-06-24 21:23:19'), ('980', '199', '19', '2021-05-25 21:23:20', '2021-06-24 21:23:20'), ('981', '54', '99', '2021-05-26 21:23:18', '2021-06-25 21:23:18'), ('982', '199', '27', '2021-05-26 21:23:18', '2021-06-25 21:23:18'), ('983', '59', '40', '2021-05-26 21:23:18', '2021-06-25 21:23:18'), ('984', '20', '94', '2021-05-26 21:23:19', '2021-06-25 21:23:19'), ('985', '106', '99', '2021-05-27 21:23:18', '2021-06-26 21:23:18'), ('986', '195', '80', '2021-05-27 21:23:18', '2021-06-26 21:23:18'), ('987', '174', '82', '2021-05-27 21:23:18', '2021-06-26 21:23:18'), ('988', '191', '72', '2021-05-27 21:23:18', '2021-06-26 21:23:18'), ('989', '11', '98', '2021-05-27 21:23:19', '2021-06-26 21:23:19'), ('990', '165', '4', '2021-05-27 21:23:19', '2021-06-26 21:23:19'), ('991', '197', '76', '2021-05-27 21:23:19', '2021-06-26 21:23:19'), ('992', '182', '33', '2021-05-27 21:23:19', '2021-06-26 21:23:19'), ('993', '53', '32', '2021-05-27 21:23:19', '2021-06-26 21:23:19'), ('994', '199', '30', '2021-05-27 21:23:20', '2021-06-26 21:23:20'), ('995', '197', '93', '2021-05-27 21:23:20', '2021-06-26 21:23:20'), ('996', '167', '99', '2021-05-28 21:23:19', '2021-06-27 21:23:19'), ('997', '154', '90', '2021-05-28 21:23:19', '2021-06-27 21:23:19'), ('998', '197', '96', '2021-05-28 21:23:19', '2021-06-27 21:23:19'), ('999', '155', '46', '2021-05-28 21:23:19', '2021-06-27 21:23:19'), ('1000', '169', '84', '2021-05-28 21:23:20', '2021-06-27 21:23:20');

CREATE TABLE kategorie_ocen (id_kategorii_oceny int, PRIMARY KEY (id_kategorii_oceny));

INSERT INTO kategorie_ocen (id_kategorii_oceny)
VALUES ('1'), ('2'), ('3'), ('4'), ('5'), ('6'), ('7'), ('8'), ('9'), ('10');

CREATE TABLE oceny_filmow (id_oceny int AUTO_INCREMENT not null, PRIMARY KEY (id_oceny), id_uzytkownika int, foreign key (id_uzytkownika) references uzytkownicy(id_uzytkownika), 
id_filmu int, foreign key (id_filmu) references filmy(id_filmu), id_kategorii_oceny int, foreign key (id_kategorii_oceny) references kategorie_ocen(id_kategorii_oceny));

-- automatyczny update wartosci liczba_ocen i srednia_ocen w tabeli filmy po dodaniu rekordu w tabeli oceny filmow
DELIMITER $$
CREATE TRIGGER `after_ocena_insert` AFTER INSERT ON `oceny_filmow`
 FOR EACH ROW BEGIN
UPDATE filmy
SET srednia_ocen = ((srednia_ocen * liczba_ocen) + (SELECT id_kategorii_oceny FROM oceny_filmow ORDER BY id_oceny DESC LIMIT 1)) / (liczba_ocen + 1)
WHERE id_filmu = (SELECT id_filmu FROM oceny_filmow ORDER BY id_oceny DESC LIMIT 1);
UPDATE filmy
SET liczba_ocen = liczba_ocen + 1
WHERE id_filmu = (SELECT id_filmu FROM oceny_filmow ORDER BY id_oceny DESC LIMIT 1);

END;$$
DELIMITER ;

-- wprowadzenie 1000 rekordow do tabeli oceny filmow
INSERT INTO oceny_filmow (id_oceny, id_uzytkownika, id_filmu, id_kategorii_oceny)
VALUES ('1', '189', '83', '1'), ('2', '193', '43', '2'), ('3', '181', '55', '7'), ('4', '5', '97', '1'), ('5', '71', '50', '7'), ('6', '79', '15', '7'), ('7', '39', '1', '7'), ('8', '151', '67', '1'), ('9', '190', '33', '7'), ('10', '41', '27', '1'), ('11', '31', '94', '7'), ('12', '1', '94', '9'), ('13', '119', '85', '5'), ('14', '146', '41', '1'), ('15', '106', '16', '1'), ('16', '185', '14', '10'), ('17', '20', '97', '4'), ('18', '29', '20', '5'), ('19', '84', '66', '6'), ('20', '121', '13', '9'), ('21', '197', '53', '6'), ('22', '105', '3', '5'), ('23', '147', '61', '4'), ('24', '110', '57', '9'), ('25', '126', '57', '1'), ('26', '170', '22', '10'), ('27', '72', '35', '7'), ('28', '44', '24', '5'), ('29', '72', '53', '9'), ('30', '199', '76', '7'), ('31', '61', '10', '5'), ('32', '21', '92', '8'), ('33', '193', '97', '8'), ('34', '62', '21', '8'), ('35', '3', '47', '8'), ('36', '141', '88', '3'), ('37', '149', '51', '7'), ('38', '19', '79', '4'), ('39', '97', '78', '5'), ('40', '187', '84', '10'), ('41', '8', '13', '1'), ('42', '161', '86', '10'), ('43', '80', '11', '5'), ('44', '97', '10', '3'), ('45', '132', '36', '9'), ('46', '125', '8', '5'), ('47', '32', '26', '1'), ('48', '63', '26', '7'), ('49', '52', '18', '6'), ('50', '176', '81', '8'), ('51', '70', '15', '5'), ('52', '9', '26', '3'), ('53', '160', '64', '6'), ('54', '92', '91', '7'), ('55', '167', '25', '3'), ('56', '23', '55', '6'), ('57', '160', '91', '7'), ('58', '177', '74', '5'), ('59', '197', '15', '8'), ('60', '117', '60', '8'), ('61', '170', '14', '8'), ('62', '142', '52', '4'), ('63', '54', '46', '3'), ('64', '152', '42', '8'), ('65', '37', '51', '3'), ('66', '20', '37', '2'), ('67', '32', '91', '10'), ('68', '182', '10', '7'), ('69', '131', '52', '4'), ('70', '27', '92', '7'), ('71', '121', '45', '8'), ('72', '176', '50', '4'), ('73', '113', '19', '5'), ('74', '41', '10', '9'), ('75', '59', '85', '6'), ('76', '123', '51', '7'), ('77', '28', '49', '4'), ('78', '158', '23', '5'), ('79', '11', '14', '4'), ('80', '187', '6', '10'), ('81', '103', '52', '9'), ('82', '168', '96', '1'), ('83', '88', '4', '8'), ('84', '108', '37', '4'), ('85', '197', '32', '6'), ('86', '102', '57', '9'), ('87', '80', '35', '8'), ('88', '10', '49', '8'), ('89', '141', '52', '7'), ('90', '199', '59', '5'), ('91', '2', '42', '5'), ('92', '183', '9', '5'), ('93', '54', '54', '6'), ('94', '31', '85', '9'), ('95', '89', '19', '4'), ('96', '189', '9', '4'), ('97', '164', '59', '6'), ('98', '57', '32', '10'), ('99', '47', '1', '8'), ('100', '100', '72', '9'), ('101', '111', '74', '4'), ('102', '190', '29', '8'), ('103', '156', '22', '2'), ('104', '150', '52', '6'), ('105', '84', '78', '5'), ('106', '78', '44', '7'), ('107', '127', '51', '7'), ('108', '37', '39', '4'), ('109', '97', '63', '5'), ('110', '98', '39', '3'), ('111', '80', '17', '10'), ('112', '65', '70', '3'), ('113', '68', '92', '2'), ('114', '50', '54', '10'), ('115', '139', '72', '6'), ('116', '133', '4', '9'), ('117', '61', '80', '6'), ('118', '36', '45', '4'), ('119', '142', '77', '2'), ('120', '171', '48', '9'), ('121', '108', '14', '8'), ('122', '156', '61', '6'), ('123', '159', '65', '10'), ('124', '183', '50', '5'), ('125', '111', '91', '3'), ('126', '127', '49', '2'), ('127', '16', '98', '6'), ('128', '157', '61', '6'), ('129', '80', '73', '8'), ('130', '17', '59', '2'), ('131', '148', '43', '5'), ('132', '78', '5', '1'), ('133', '147', '65', '5'), ('134', '135', '90', '8'), ('135', '118', '47', '7'), ('136', '138', '87', '6'), ('137', '72', '24', '1'), ('138', '143', '2', '2'), ('139', '77', '35', '2'), ('140', '66', '50', '3'), ('141', '158', '42', '2'), ('142', '196', '7', '6'), ('143', '121', '12', '4'), ('144', '175', '82', '2'), ('145', '166', '3', '9'), ('146', '3', '45', '5'), ('147', '120', '73', '8'), ('148', '102', '64', '5'), ('149', '197', '5', '10'), ('150', '157', '75', '3'), ('151', '172', '67', '9'), ('152', '13', '54', '9'), ('153', '148', '77', '9'), ('154', '70', '4', '5'), ('155', '65', '67', '7'), ('156', '46', '73', '4'), ('157', '197', '71', '8'), ('158', '175', '53', '6'), ('159', '70', '52', '8'), ('160', '141', '35', '4'), ('161', '195', '96', '4'), ('162', '101', '23', '10'), ('163', '179', '79', '4'), ('164', '109', '97', '8'), ('165', '33', '77', '3'), ('166', '131', '43', '8'), ('167', '69', '11', '2'), ('168', '165', '46', '2'), ('169', '158', '18', '10'), ('170', '174', '54', '6'), ('171', '138', '37', '3'), ('172', '50', '74', '7'), ('173', '109', '31', '7'), ('174', '146', '39', '2'), ('175', '60', '88', '4'), ('176', '92', '57', '7'), ('177', '65', '23', '6'), ('178', '1', '16', '5'), ('179', '57', '18', '10'), ('180', '150', '24', '7'), ('181', '173', '7', '9'), ('182', '130', '98', '1'), ('183', '35', '7', '9'), ('184', '140', '40', '6'), ('185', '4', '42', '4'), ('186', '152', '61', '8'), ('187', '78', '11', '7'), ('188', '20', '24', '7'), ('189', '173', '71', '2'), ('190', '16', '76', '8'), ('191', '18', '16', '4'), ('192', '25', '49', '3'), ('193', '75', '92', '1'), ('194', '182', '89', '3'), ('195', '82', '71', '1'), ('196', '126', '30', '9'), ('197', '98', '46', '2'), ('198', '60', '21', '2'), ('199', '193', '77', '5'), ('200', '191', '3', '9'), ('201', '36', '19', '9'), ('202', '147', '76', '1'), ('203', '160', '46', '4'), ('204', '158', '33', '4'), ('205', '35', '12', '8'), ('206', '39', '50', '10'), ('207', '121', '46', '4'), ('208', '94', '26', '7'), ('209', '102', '48', '6'), ('210', '104', '52', '9'), ('211', '176', '20', '3'), ('212', '90', '9', '2'), ('213', '132', '40', '8'), ('214', '70', '100', '3'), ('215', '116', '54', '9'), ('216', '133', '10', '9'), ('217', '7', '56', '1'), ('218', '190', '7', '10'), ('219', '33', '40', '10'), ('220', '57', '33', '6'), ('221', '115', '81', '8'), ('222', '68', '52', '6'), ('223', '75', '23', '1'), ('224', '116', '90', '4'), ('225', '151', '5', '8'), ('226', '96', '79', '8'), ('227', '138', '65', '10'), ('228', '67', '27', '2'), ('229', '144', '35', '9'), ('230', '193', '25', '2'), ('231', '136', '66', '10'), ('232', '200', '50', '5'), ('233', '14', '68', '3'), ('234', '10', '71', '8'), ('235', '26', '89', '4'), ('236', '6', '98', '6'), ('237', '136', '82', '9'), ('238', '164', '74', '7'), ('239', '120', '13', '4'), ('240', '173', '62', '3'), ('241', '117', '92', '8'), ('242', '51', '66', '10'), ('243', '42', '11', '1'), ('244', '129', '69', '7'), ('245', '158', '100', '3'), ('246', '99', '42', '7'), ('247', '66', '73', '9'), ('248', '125', '34', '1'), ('249', '36', '28', '10'), ('250', '177', '66', '3'), ('251', '130', '83', '1'), ('252', '98', '84', '10'), ('253', '14', '69', '5'), ('254', '187', '9', '8'), ('255', '170', '8', '2'), ('256', '129', '4', '9'), ('257', '192', '58', '8'), ('258', '200', '9', '4'), ('259', '181', '24', '4'), ('260', '22', '87', '3'), ('261', '159', '97', '3'), ('262', '145', '29', '3'), ('263', '7', '19', '6'), ('264', '99', '9', '1'), ('265', '116', '75', '9'), ('266', '38', '51', '1'), ('267', '11', '47', '7'), ('268', '14', '58', '7'), ('269', '152', '80', '6'), ('270', '83', '7', '10'), ('271', '38', '96', '10'), ('272', '101', '9', '7'), ('273', '176', '35', '10'), ('274', '49', '25', '4'), ('275', '143', '58', '3'), ('276', '55', '4', '7'), ('277', '29', '90', '1'), ('278', '70', '75', '7'), ('279', '98', '40', '4'), ('280', '86', '62', '10'), ('281', '96', '29', '1'), ('282', '143', '78', '10'), ('283', '38', '86', '2'), ('284', '137', '100', '3'), ('285', '175', '45', '8'), ('286', '42', '7', '10'), ('287', '50', '40', '7'), ('288', '131', '7', '10'), ('289', '123', '4', '2'), ('290', '193', '1', '3'), ('291', '62', '98', '3'), ('292', '149', '99', '10'), ('293', '190', '21', '9'), ('294', '177', '10', '7'), ('295', '97', '58', '5'), ('296', '104', '30', '7'), ('297', '54', '45', '9'), ('298', '45', '61', '2'), ('299', '110', '33', '8'), ('300', '18', '23', '7'), ('301', '55', '57', '4'), ('302', '167', '73', '2'), ('303', '34', '44', '7'), ('304', '19', '30', '10'), ('305', '140', '94', '8'), ('306', '64', '67', '8'), ('307', '148', '45', '6'), ('308', '98', '42', '1'), ('309', '124', '5', '4'), ('310', '104', '96', '8'), ('311', '137', '68', '9'), ('312', '157', '35', '8'), ('313', '151', '88', '2'), ('314', '7', '45', '8'), ('315', '37', '63', '5'), ('316', '52', '86', '7'), ('317', '70', '32', '7'), ('318', '16', '29', '6'), ('319', '176', '54', '3'), ('320', '105', '66', '4'), ('321', '130', '70', '6'), ('322', '173', '29', '6'), ('323', '143', '25', '10'), ('324', '141', '50', '10'), ('325', '152', '4', '5'), ('326', '181', '92', '8'), ('327', '197', '64', '1'), ('328', '83', '38', '10'), ('329', '28', '35', '7'), ('330', '60', '8', '1'), ('331', '10', '93', '10'), ('332', '180', '73', '2'), ('333', '191', '55', '5'), ('334', '49', '81', '3'), ('335', '112', '42', '2'), ('336', '49', '29', '1'), ('337', '148', '73', '6'), ('338', '53', '73', '3'), ('339', '76', '44', '1'), ('340', '58', '83', '7'), ('341', '75', '87', '5'), ('342', '122', '22', '5'), ('343', '67', '10', '8'), ('344', '24', '11', '4'), ('345', '98', '25', '8'), ('346', '64', '7', '2'), ('347', '88', '87', '8'), ('348', '146', '37', '5'), ('349', '73', '74', '2'), ('350', '25', '52', '10'), ('351', '156', '53', '2'), ('352', '182', '80', '4'), ('353', '96', '91', '6'), ('354', '30', '91', '10'), ('355', '101', '99', '7'), ('356', '56', '38', '4'), ('357', '105', '92', '9'), ('358', '178', '82', '6'), ('359', '148', '95', '5'), ('360', '170', '86', '1'), ('361', '48', '42', '4'), ('362', '73', '5', '10'), ('363', '119', '55', '7'), ('364', '79', '90', '3'), ('365', '85', '40', '4'), ('366', '94', '29', '2'), ('367', '6', '73', '10'), ('368', '124', '59', '9'), ('369', '95', '67', '6'), ('370', '101', '32', '3'), ('371', '67', '31', '3'), ('372', '83', '72', '10'), ('373', '124', '85', '4'), ('374', '115', '31', '1'), ('375', '187', '45', '10'), ('376', '127', '54', '2'), ('377', '156', '27', '10'), ('378', '153', '82', '2'), ('379', '78', '16', '2'), ('380', '25', '82', '3'), ('381', '175', '31', '6'), ('382', '41', '72', '5'), ('383', '138', '64', '3'), ('384', '56', '17', '8'), ('385', '153', '25', '7'), ('386', '69', '51', '4'), ('387', '193', '84', '7'), ('388', '154', '60', '6'), ('389', '24', '57', '5'), ('390', '10', '88', '1'), ('391', '56', '24', '1'), ('392', '58', '73', '9'), ('393', '168', '66', '10'), ('394', '13', '100', '2'), ('395', '170', '12', '5'), ('396', '32', '69', '9'), ('397', '107', '28', '5'), ('398', '154', '36', '1'), ('399', '185', '25', '2'), ('400', '4', '52', '8'), ('401', '76', '5', '6'), ('402', '186', '78', '10'), ('403', '145', '45', '1'), ('404', '78', '42', '2'), ('405', '196', '57', '2'), ('406', '40', '86', '2'), ('407', '161', '34', '6'), ('408', '19', '64', '6'), ('409', '157', '98', '5'), ('410', '88', '6', '4'), ('411', '170', '88', '8'), ('412', '145', '44', '5'), ('413', '70', '50', '8'), ('414', '165', '25', '9'), ('415', '124', '70', '7'), ('416', '185', '83', '7'), ('417', '165', '41', '5'), ('418', '34', '47', '9'), ('419', '26', '35', '10'), ('420', '39', '42', '10'), ('421', '165', '92', '2'), ('422', '86', '100', '3'), ('423', '91', '42', '9'), ('424', '42', '64', '7'), ('425', '182', '94', '10'), ('426', '172', '50', '6'), ('427', '126', '31', '8'), ('428', '157', '22', '5'), ('429', '109', '8', '2'), ('430', '46', '95', '7'), ('431', '112', '95', '2'), ('432', '159', '87', '5'), ('433', '4', '7', '6'), ('434', '7', '89', '6'), ('435', '135', '62', '2'), ('436', '57', '46', '6'), ('437', '140', '9', '6'), ('438', '175', '24', '7'), ('439', '134', '31', '7'), ('440', '36', '61', '6'), ('441', '1', '89', '6'), ('442', '42', '28', '5'), ('443', '135', '91', '8'), ('444', '196', '99', '2'), ('445', '200', '28', '9'), ('446', '80', '52', '9'), ('447', '149', '25', '7'), ('448', '131', '71', '3'), ('449', '93', '62', '3'), ('450', '153', '48', '4'), ('451', '33', '26', '9'), ('452', '200', '98', '5'), ('453', '194', '98', '5'), ('454', '5', '32', '9'), ('455', '35', '36', '9'), ('456', '96', '28', '9'), ('457', '99', '40', '6'), ('458', '57', '44', '10'), ('459', '28', '65', '10'), ('460', '21', '23', '3'), ('461', '113', '71', '7'), ('462', '180', '71', '1'), ('463', '82', '75', '3'), ('464', '109', '69', '6'), ('465', '24', '73', '9'), ('466', '146', '62', '6'), ('467', '3', '64', '4'), ('468', '3', '32', '5'), ('469', '66', '88', '3'), ('470', '174', '57', '5'), ('471', '55', '3', '6'), ('472', '195', '12', '6'), ('473', '7', '4', '8'), ('474', '83', '62', '8'), ('475', '199', '35', '3'), ('476', '118', '37', '10'), ('477', '35', '14', '2'), ('478', '71', '31', '5'), ('479', '164', '75', '4'), ('480', '50', '10', '9'), ('481', '60', '100', '8'), ('482', '188', '82', '3'), ('483', '105', '71', '7'), ('484', '28', '85', '1'), ('485', '200', '10', '4'), ('486', '14', '5', '10'), ('487', '96', '10', '9'), ('488', '28', '91', '2'), ('489', '165', '8', '6'), ('490', '47', '30', '9'), ('491', '121', '21', '8'), ('492', '3', '40', '8'), ('493', '43', '29', '3'), ('494', '36', '80', '9'), ('495', '43', '15', '4'), ('496', '157', '38', '9'), ('497', '102', '87', '6'), ('498', '177', '51', '7'), ('499', '66', '20', '4'), ('500', '78', '45', '9'), ('501', '68', '78', '5'), ('502', '129', '11', '4'), ('503', '14', '1', '4'), ('504', '91', '61', '7'), ('505', '55', '91', '8'), ('506', '114', '33', '4'), ('507', '40', '67', '7'), ('508', '81', '66', '9'), ('509', '42', '38', '10'), ('510', '42', '66', '7'), ('511', '171', '95', '4'), ('512', '83', '4', '3'), ('513', '47', '19', '5'), ('514', '182', '43', '10'), ('515', '75', '32', '3'), ('516', '32', '31', '8'), ('517', '74', '52', '3'), ('518', '118', '33', '8'), ('519', '167', '17', '1'), ('520', '77', '71', '7'), ('521', '58', '82', '2'), ('522', '32', '95', '1'), ('523', '103', '94', '10'), ('524', '118', '54', '1'), ('525', '23', '45', '5'), ('526', '122', '26', '2'), ('527', '1', '7', '6'), ('528', '115', '15', '4'), ('529', '68', '42', '4'), ('530', '18', '74', '7'), ('531', '82', '46', '5'), ('532', '62', '43', '5'), ('533', '2', '79', '5'), ('534', '4', '6', '7'), ('535', '13', '29', '6'), ('536', '184', '86', '1'), ('537', '136', '18', '9'), ('538', '13', '12', '4'), ('539', '149', '53', '6'), ('540', '80', '67', '8'), ('541', '188', '37', '7'), ('542', '12', '8', '5'), ('543', '13', '89', '7'), ('544', '136', '59', '2'), ('545', '116', '79', '8'), ('546', '29', '86', '5'), ('547', '46', '81', '5'), ('548', '130', '26', '10'), ('549', '85', '30', '7'), ('550', '191', '71', '1'), ('551', '27', '91', '5'), ('552', '167', '66', '3'), ('553', '53', '30', '3'), ('554', '77', '27', '6'), ('555', '98', '65', '1'), ('556', '44', '27', '3'), ('557', '64', '75', '4'), ('558', '61', '41', '10'), ('559', '161', '27', '8'), ('560', '86', '1', '10'), ('561', '32', '57', '8'), ('562', '45', '2', '9'), ('563', '84', '25', '9'), ('564', '155', '93', '2'), ('565', '154', '56', '2'), ('566', '131', '82', '2'), ('567', '167', '19', '8'), ('568', '148', '68', '2'), ('569', '20', '68', '2'), ('570', '76', '98', '8'), ('571', '38', '54', '8'), ('572', '54', '50', '8'), ('573', '56', '48', '7'), ('574', '78', '28', '4'), ('575', '191', '83', '7'), ('576', '43', '99', '5'), ('577', '45', '8', '1'), ('578', '25', '58', '4'), ('579', '16', '7', '3'), ('580', '100', '82', '10'), ('581', '170', '25', '9'), ('582', '53', '65', '7'), ('583', '115', '4', '6'), ('584', '114', '37', '1'), ('585', '36', '35', '6'), ('586', '59', '76', '8'), ('587', '85', '96', '3'), ('588', '10', '57', '6'), ('589', '198', '6', '1'), ('590', '92', '62', '9'), ('591', '113', '39', '2'), ('592', '28', '18', '7'), ('593', '49', '65', '5'), ('594', '85', '39', '5'), ('595', '95', '45', '10'), ('596', '94', '81', '1'), ('597', '178', '61', '5'), ('598', '90', '49', '6'), ('599', '17', '26', '6'), ('600', '62', '76', '7'), ('601', '161', '65', '4'), ('602', '40', '78', '6'), ('603', '102', '65', '9'), ('604', '150', '90', '6'), ('605', '119', '84', '3'), ('606', '139', '71', '9'), ('607', '129', '58', '6'), ('608', '40', '64', '10'), ('609', '116', '58', '5'), ('610', '99', '90', '6'), ('611', '143', '49', '7'), ('612', '200', '44', '4'), ('613', '132', '61', '7'), ('614', '88', '66', '10'), ('615', '60', '86', '8'), ('616', '7', '98', '7'), ('617', '7', '70', '6'), ('618', '45', '85', '4'), ('619', '4', '82', '6'), ('620', '142', '75', '8'), ('621', '19', '100', '6'), ('622', '178', '35', '4'), ('623', '80', '93', '1'), ('624', '97', '73', '10'), ('625', '61', '100', '8'), ('626', '21', '29', '4'), ('627', '137', '8', '3'), ('628', '162', '66', '5'), ('629', '163', '11', '4'), ('630', '122', '61', '10'), ('631', '148', '8', '8'), ('632', '64', '56', '2'), ('633', '189', '99', '4'), ('634', '151', '4', '2'), ('635', '90', '61', '5'), ('636', '53', '32', '4'), ('637', '57', '96', '9'), ('638', '157', '59', '6'), ('639', '44', '57', '7'), ('640', '52', '47', '8'), ('641', '58', '77', '7'), ('642', '86', '59', '2'), ('643', '146', '14', '6'), ('644', '49', '58', '6'), ('645', '37', '36', '3'), ('646', '110', '62', '7'), ('647', '131', '48', '10'), ('648', '114', '10', '4'), ('649', '151', '35', '1'), ('650', '163', '35', '7'), ('651', '105', '9', '3'), ('652', '163', '2', '5'), ('653', '44', '13', '8'), ('654', '68', '39', '5'), ('655', '176', '88', '1'), ('656', '58', '45', '5'), ('657', '49', '80', '5'), ('658', '95', '74', '6'), ('659', '119', '12', '4'), ('660', '140', '90', '6'), ('661', '15', '96', '1'), ('662', '155', '36', '10'), ('663', '126', '100', '3'), ('664', '127', '80', '2'), ('665', '34', '70', '10'), ('666', '70', '44', '10'), ('667', '136', '12', '4'), ('668', '171', '40', '4'), ('669', '88', '93', '10'), ('670', '197', '30', '7'), ('671', '17', '60', '7'), ('672', '125', '60', '6'), ('673', '24', '70', '3'), ('674', '4', '83', '2'), ('675', '82', '1', '4'), ('676', '182', '78', '8'), ('677', '43', '22', '6'), ('678', '174', '6', '7'), ('679', '52', '31', '8'), ('680', '188', '28', '10'), ('681', '22', '56', '2'), ('682', '101', '35', '6'), ('683', '72', '22', '7'), ('684', '177', '69', '8'), ('685', '5', '40', '5'), ('686', '71', '71', '3'), ('687', '194', '44', '2'), ('688', '132', '34', '2'), ('689', '62', '10', '6'), ('690', '75', '31', '10'), ('691', '59', '1', '10'), ('692', '123', '11', '10'), ('693', '16', '72', '10'), ('694', '194', '61', '8'), ('695', '76', '11', '2'), ('696', '136', '55', '4'), ('697', '112', '79', '4'), ('698', '198', '26', '1'), ('699', '67', '15', '8'), ('700', '134', '70', '8'), ('701', '135', '54', '2'), ('702', '99', '57', '8'), ('703', '63', '70', '6'), ('704', '83', '43', '10'), ('705', '106', '66', '2'), ('706', '56', '90', '5'), ('707', '44', '48', '7'), ('708', '14', '93', '8'), ('709', '168', '44', '4'), ('710', '190', '41', '10'), ('711', '52', '96', '1'), ('712', '38', '4', '4'), ('713', '169', '75', '10'), ('714', '48', '49', '5'), ('715', '157', '67', '7'), ('716', '20', '95', '7'), ('717', '114', '25', '4'), ('718', '186', '35', '3'), ('719', '39', '91', '2'), ('720', '181', '7', '1'), ('721', '114', '70', '2'), ('722', '112', '91', '2'), ('723', '77', '45', '7'), ('724', '24', '34', '8'), ('725', '58', '27', '10'), ('726', '72', '88', '10'), ('727', '64', '43', '9'), ('728', '125', '64', '1'), ('729', '62', '24', '1'), ('730', '191', '56', '6'), ('731', '68', '80', '7'), ('732', '144', '53', '3'), ('733', '52', '53', '9'), ('734', '38', '64', '6'), ('735', '186', '46', '5'), ('736', '175', '49', '6'), ('737', '57', '48', '4'), ('738', '167', '15', '9'), ('739', '146', '34', '3'), ('740', '12', '40', '2'), ('741', '6', '52', '9'), ('742', '85', '43', '8'), ('743', '167', '92', '4'), ('744', '44', '37', '8'), ('745', '185', '74', '4'), ('746', '87', '53', '10'), ('747', '194', '77', '5'), ('748', '195', '99', '2'), ('749', '80', '57', '9'), ('750', '167', '77', '6'), ('751', '165', '73', '8'), ('752', '45', '83', '6'), ('753', '18', '45', '7'), ('754', '159', '43', '7'), ('755', '79', '81', '4'), ('756', '31', '36', '10'), ('757', '136', '91', '6'), ('758', '42', '43', '6'), ('759', '109', '44', '1'), ('760', '90', '10', '1'), ('761', '26', '50', '7'), ('762', '58', '9', '9'), ('763', '171', '99', '8'), ('764', '115', '57', '9'), ('765', '53', '40', '9'), ('766', '58', '85', '2'), ('767', '36', '83', '9'), ('768', '157', '21', '5'), ('769', '160', '81', '2'), ('770', '114', '91', '6'), ('771', '97', '9', '1'), ('772', '60', '75', '2'), ('773', '153', '66', '5'), ('774', '189', '1', '6'), ('775', '57', '13', '10'), ('776', '103', '34', '2'), ('777', '118', '76', '2'), ('778', '129', '82', '9'), ('779', '23', '23', '1'), ('780', '200', '33', '9'), ('781', '192', '79', '6'), ('782', '105', '53', '8'), ('783', '155', '87', '3'), ('784', '36', '18', '7'), ('785', '15', '91', '3'), ('786', '117', '75', '6'), ('787', '74', '56', '1'), ('788', '41', '65', '3'), ('789', '28', '96', '5'), ('790', '173', '49', '9'), ('791', '36', '48', '4'), ('792', '198', '92', '8'), ('793', '80', '40', '3'), ('794', '188', '27', '4'), ('795', '186', '39', '6'), ('796', '159', '92', '5'), ('797', '62', '67', '5'), ('798', '75', '51', '5'), ('799', '1', '63', '7'), ('800', '159', '76', '9'), ('801', '117', '16', '5'), ('802', '2', '80', '10'), ('803', '146', '75', '8'), ('804', '90', '85', '2'), ('805', '123', '65', '7'), ('806', '2', '52', '4'), ('807', '161', '76', '8'), ('808', '7', '29', '5'), ('809', '197', '82', '7'), ('810', '65', '44', '8'), ('811', '135', '7', '2'), ('812', '56', '49', '6'), ('813', '158', '87', '4'), ('814', '74', '17', '3'), ('815', '66', '10', '10'), ('816', '180', '56', '8'), ('817', '53', '29', '10'), ('818', '107', '70', '2'), ('819', '171', '17', '8'), ('820', '173', '20', '3'), ('821', '57', '4', '8'), ('822', '75', '43', '2'), ('823', '189', '100', '7'), ('824', '160', '13', '4'), ('825', '184', '61', '1'), ('826', '113', '78', '10'), ('827', '69', '43', '2'), ('828', '134', '64', '9'), ('829', '14', '30', '4'), ('830', '109', '99', '9'), ('831', '36', '52', '1'), ('832', '163', '84', '9'), ('833', '192', '82', '7'), ('834', '124', '19', '2'), ('835', '48', '96', '6'), ('836', '112', '14', '2'), ('837', '93', '66', '7'), ('838', '113', '46', '1'), ('839', '109', '54', '5'), ('840', '84', '97', '4'), ('841', '73', '39', '2'), ('842', '86', '31', '5'), ('843', '30', '41', '8'), ('844', '175', '7', '10'), ('845', '126', '46', '7'), ('846', '53', '98', '7'), ('847', '96', '82', '1'), ('848', '124', '7', '4'), ('849', '127', '31', '9'), ('850', '19', '41', '7'), ('851', '199', '32', '6'), ('852', '123', '28', '5'), ('853', '21', '16', '4'), ('854', '131', '33', '1'), ('855', '133', '46', '8'), ('856', '86', '89', '9'), ('857', '149', '32', '6'), ('858', '178', '78', '1'), ('859', '1', '62', '10'), ('860', '98', '80', '1'), ('861', '39', '35', '1'), ('862', '81', '30', '5'), ('863', '86', '78', '8'), ('864', '117', '33', '7'), ('865', '137', '93', '8'), ('866', '71', '55', '10'), ('867', '34', '29', '2'), ('868', '200', '26', '7'), ('869', '10', '85', '3'), ('870', '163', '69', '4'), ('871', '104', '95', '8'), ('872', '39', '4', '3'), ('873', '125', '86', '6'), ('874', '172', '54', '5'), ('875', '44', '30', '3'), ('876', '76', '28', '2'), ('877', '142', '29', '5'), ('878', '169', '59', '1'), ('879', '164', '83', '2'), ('880', '109', '81', '1'), ('881', '106', '4', '5'), ('882', '187', '49', '6'), ('883', '57', '62', '10'), ('884', '144', '96', '3'), ('885', '100', '85', '3'), ('886', '31', '48', '7'), ('887', '61', '45', '2'), ('888', '142', '57', '1'), ('889', '71', '3', '2'), ('890', '92', '3', '7'), ('891', '30', '94', '8'), ('892', '176', '21', '6'), ('893', '21', '94', '1'), ('894', '146', '94', '6'), ('895', '5', '71', '4'), ('896', '154', '12', '5'), ('897', '143', '53', '2'), ('898', '157', '37', '10'), ('899', '71', '15', '3'), ('900', '190', '24', '4'), ('901', '69', '6', '9'), ('902', '92', '87', '4'), ('903', '85', '28', '2'), ('904', '94', '55', '1'), ('905', '193', '14', '3'), ('906', '44', '6', '4'), ('907', '134', '34', '6'), ('908', '192', '14', '9'), ('909', '102', '53', '10'), ('910', '45', '86', '6'), ('911', '20', '18', '9'), ('912', '69', '5', '9'), ('913', '42', '65', '10'), ('914', '188', '74', '5'), ('915', '21', '25', '8'), ('916', '172', '97', '9'), ('917', '83', '45', '9'), ('918', '155', '57', '7'), ('919', '189', '21', '2'), ('920', '79', '60', '9'), ('921', '58', '92', '2'), ('922', '9', '70', '3'), ('923', '192', '35', '9'), ('924', '85', '42', '5'), ('925', '107', '29', '7'), ('926', '45', '55', '4'), ('927', '38', '36', '5'), ('928', '197', '89', '4'), ('929', '80', '96', '7'), ('930', '188', '16', '8'), ('931', '114', '55', '1'), ('932', '139', '89', '6'), ('933', '10', '76', '9'), ('934', '94', '13', '10'), ('935', '70', '87', '10'), ('936', '192', '49', '7'), ('937', '92', '31', '1'), ('938', '78', '15', '10'), ('939', '187', '66', '9'), ('940', '58', '53', '4'), ('941', '5', '65', '7'), ('942', '130', '52', '10'), ('943', '4', '74', '3'), ('944', '146', '38', '8'), ('945', '74', '64', '4'), ('946', '102', '32', '1'), ('947', '11', '70', '5'), ('948', '127', '11', '1'), ('949', '180', '21', '5'), ('950', '119', '13', '1'), ('951', '117', '55', '3'), ('952', '84', '80', '9'), ('953', '129', '64', '9'), ('954', '183', '85', '2'), ('955', '176', '7', '1'), ('956', '76', '39', '4'), ('957', '168', '11', '4'), ('958', '104', '12', '6'), ('959', '162', '23', '9'), ('960', '55', '7', '1'), ('961', '67', '96', '7'), ('962', '60', '89', '8'), ('963', '195', '74', '6'), ('964', '17', '73', '6'), ('965', '98', '71', '9'), ('966', '182', '56', '1'), ('967', '43', '12', '4'), ('968', '148', '89', '8'), ('969', '135', '24', '7'), ('970', '197', '21', '1'), ('971', '100', '24', '8'), ('972', '83', '52', '9'), ('973', '134', '76', '1'), ('974', '159', '95', '8'), ('975', '127', '32', '4'), ('976', '22', '33', '3'), ('977', '86', '65', '7'), ('978', '26', '52', '1'), ('979', '44', '61', '5'), ('980', '8', '40', '3'), ('981', '168', '13', '2'), ('982', '157', '49', '1'), ('983', '74', '97', '9'), ('984', '195', '21', '8'), ('985', '89', '94', '7'), ('986', '76', '21', '7'), ('987', '75', '53', '2'), ('988', '7', '86', '10'), ('989', '145', '84', '4'), ('990', '86', '64', '9'), ('991', '183', '87', '1'), ('992', '78', '80', '1'), ('993', '6', '64', '3'), ('994', '85', '31', '5'), ('995', '66', '64', '3'), ('996', '159', '35', '4'), ('997', '160', '24', '8'), ('998', '132', '75', '4'), ('999', '43', '96', '3'), ('1000', '43', '67', '1');

-- wyszukiwanie filmow danego rezysera
DELIMITER $$
CREATE DEFINER=`root`@`localhost` PROCEDURE `filmy_rezysera`(IN `nazwa_rezysera` VARCHAR(50))
    NO SQL
BEGIN
SELECT filmy.tytul, filmy.rok, rezyserzy.nazwa_rezysera, gatunki1.nazwa_gatunku AS gatunek1, gatunki2.nazwa_gatunku AS gatunek2, gatunki3.nazwa_gatunku AS gatunek3, kraje_produkcji1.kraj AS kraj1, kraje_produkcji2.kraj AS kraj2, kraje_produkcji3.kraj AS kraj3, filmy.liczba_wypozyczen, filmy.liczba_ocen, filmy.srednia_ocen, stawki_cenowe.wartosc 
FROM filmy 
LEFT JOIN rezyserzy ON filmy.rezyser = rezyserzy.id_rezysera 
LEFT JOIN gatunki AS gatunki1 ON filmy.gatunek1 = gatunki1.id_gatunku 
LEFT JOIN gatunki AS gatunki2 ON filmy.gatunek2 = gatunki2.id_gatunku 
LEFT JOIN gatunki AS gatunki3 ON filmy.gatunek3 = gatunki3.id_gatunku 
LEFT JOIN kraje_produkcji AS kraje_produkcji1 ON filmy.kraj1 = kraje_produkcji1.kod_kraju 
LEFT JOIN kraje_produkcji AS kraje_produkcji2 ON filmy.kraj2 = kraje_produkcji2.kod_kraju 
LEFT JOIN kraje_produkcji AS kraje_produkcji3 ON filmy.kraj3 = kraje_produkcji3.kod_kraju 
LEFT JOIN stawki_cenowe ON filmy.id_ceny = stawki_cenowe.id_ceny WHERE rezyserzy.nazwa_rezysera LIKE  CONCAT ('%', @p0, '%');
END$$
DELIMITER ;

-- lista adresow e-mail, ktorych uzytkownicy po wypozyczeniu nie oceinli filmu
DELIMITER $$
CREATE DEFINER=`root`@`localhost` PROCEDURE `lista_email_wypozyczone_bez_oceny`()
    NO SQL
BEGIN
SELECT uzytkownicy.email, filmy.tytul FROM wypozyczenia JOIN uzytkownicy ON wypozyczenia.id_uzytkownika = uzytkownicy.id_uzytkownika JOIN filmy ON wypozyczenia.id_filmu = filmy.id_filmu WHERE wypozyczenia.id_wypozyczenia NOT IN (SELECT wypozyczenia.id_wypozyczenia FROM uzytkownicy JOIN wypozyczenia ON uzytkownicy.id_uzytkownika = wypozyczenia.id_uzytkownika JOIN oceny_filmow ON uzytkownicy.id_uzytkownika = wypozyczenia.id_uzytkownika JOIN filmy ON filmy.id_filmu = wypozyczenia.id_filmu WHERE wypozyczenia.id_uzytkownika = oceny_filmow.id_uzytkownika AND wypozyczenia.id_filmu = oceny_filmow.id_filmu);
END$$
DELIMITER ;

-- dodanie oceny przez uzytkownika
DELIMITER $$
CREATE DEFINER=`root`@`localhost` PROCEDURE `nowa_ocena`(IN `uzytkownik` INT, IN `film` INT, IN `ocena` INT)
    NO SQL
BEGIN
DELETE FROM oceny_filmow WHERE oceny_filmow.id_oceny = (SELECT oceny_filmow.id_oceny FROM oceny_filmow WHERE oceny_filmow.id_uzytkownika = @p0 AND oceny_filmow.id_filmu = @p1);
INSERT INTO oceny_filmow (id_uzytkownika, id_filmu, id_kategorii_oceny)
VALUES (@p0, @p1, @p2);
END$$
DELIMITER ;

-- dodanie wypozyczenia przez uzytkownika
DELIMITER $$
CREATE DEFINER=`root`@`localhost` PROCEDURE `nowe_wypozyczenie`(IN `uzytkownik` INT, IN `film` INT)
    NO SQL
BEGIN
INSERT INTO wypozyczenia (id_uzytkownika, id_filmu, data_wypozyczenia, data_wygasniecia)
VALUES (@p0, @p1, now(), ADDDATE(now(), INTERVAL 30 DAY));
END$$
DELIMITER ;

-- dodanie uzytkownika
DELIMITER $$
CREATE DEFINER=`root`@`localhost` PROCEDURE `nowy_uzytkownik`(IN `email` VARCHAR(50), IN `login` VARCHAR(50), IN `haslo` VARCHAR(20))
    NO SQL
BEGIN
INSERT INTO uzytkownicy (email, login, haslo, data_dolaczenia) VALUES (@p0, @p1, @p2, now());
END$$
DELIMITER ;

-- lista ocenionych filmow przez danego uzytkownika
DELIMITER $$
CREATE DEFINER=`root`@`localhost` PROCEDURE `oceny_uzytkownika`(IN `uzytkownik` INT)
    NO SQL
BEGIN
SELECT filmy.tytul, oceny_filmow.id_kategorii_oceny FROM oceny_filmow JOIN filmy ON oceny_filmow.id_filmu = filmy.id_filmu WHERE oceny_filmow.id_uzytkownika = @p0 ORDER BY oceny_filmow.id_kategorii_oceny DESC;
END$$
DELIMITER ;

-- top 10 wg. liczby ocen
DELIMITER $$
CREATE DEFINER=`root`@`localhost` PROCEDURE `top10_liczby_ocen`()
    NO SQL
BEGIN
SELECT filmy.tytul, filmy.rok, rezyserzy.nazwa_rezysera, gatunki1.nazwa_gatunku AS gatunek1, gatunki2.nazwa_gatunku AS gatunek2, gatunki3.nazwa_gatunku AS gatunek3, kraje_produkcji1.kraj AS kraj1, kraje_produkcji2.kraj AS kraj2, kraje_produkcji3.kraj AS kraj3, filmy.liczba_wypozyczen, filmy.liczba_ocen, filmy.srednia_ocen, stawki_cenowe.wartosc 
FROM filmy 
LEFT JOIN rezyserzy ON filmy.rezyser = rezyserzy.id_rezysera 
LEFT JOIN gatunki AS gatunki1 ON filmy.gatunek1 = gatunki1.id_gatunku 
LEFT JOIN gatunki AS gatunki2 ON filmy.gatunek2 = gatunki2.id_gatunku 
LEFT JOIN gatunki AS gatunki3 ON filmy.gatunek3 = gatunki3.id_gatunku 
LEFT JOIN kraje_produkcji AS kraje_produkcji1 ON filmy.kraj1 = kraje_produkcji1.kod_kraju 
LEFT JOIN kraje_produkcji AS kraje_produkcji2 ON filmy.kraj2 = kraje_produkcji2.kod_kraju 
LEFT JOIN kraje_produkcji AS kraje_produkcji3 ON filmy.kraj3 = kraje_produkcji3.kod_kraju 
LEFT JOIN stawki_cenowe ON filmy.id_ceny = stawki_cenowe.id_ceny ORDER BY filmy.liczba_ocen DESC LIMIT 10;
END$$
DELIMITER ;

-- top 10 wg. liczby wypozyczen
DELIMITER $$
CREATE DEFINER=`root`@`localhost` PROCEDURE `top10_popularne`()
    NO SQL
BEGIN
SELECT filmy.tytul, filmy.rok, rezyserzy.nazwa_rezysera, gatunki1.nazwa_gatunku AS gatunek1, gatunki2.nazwa_gatunku AS gatunek2, gatunki3.nazwa_gatunku AS gatunek3, kraje_produkcji1.kraj AS kraj1, kraje_produkcji2.kraj AS kraj2, kraje_produkcji3.kraj AS kraj3, filmy.liczba_wypozyczen, filmy.liczba_ocen, filmy.srednia_ocen, stawki_cenowe.wartosc 
FROM filmy 
LEFT JOIN rezyserzy ON filmy.rezyser = rezyserzy.id_rezysera 
LEFT JOIN gatunki AS gatunki1 ON filmy.gatunek1 = gatunki1.id_gatunku 
LEFT JOIN gatunki AS gatunki2 ON filmy.gatunek2 = gatunki2.id_gatunku 
LEFT JOIN gatunki AS gatunki3 ON filmy.gatunek3 = gatunki3.id_gatunku 
LEFT JOIN kraje_produkcji AS kraje_produkcji1 ON filmy.kraj1 = kraje_produkcji1.kod_kraju 
LEFT JOIN kraje_produkcji AS kraje_produkcji2 ON filmy.kraj2 = kraje_produkcji2.kod_kraju 
LEFT JOIN kraje_produkcji AS kraje_produkcji3 ON filmy.kraj3 = kraje_produkcji3.kod_kraju 
LEFT JOIN stawki_cenowe ON filmy.id_ceny = stawki_cenowe.id_ceny ORDER BY filmy.liczba_wypozyczen DESC LIMIT 10;
END$$
DELIMITER ;

-- top 10 wg. wartosci sredniej ocen filmu
DELIMITER $$
CREATE DEFINER=`root`@`localhost` PROCEDURE `top10_srednia_ocen`()
    NO SQL
BEGIN
SELECT filmy.tytul, filmy.rok, rezyserzy.nazwa_rezysera, gatunki1.nazwa_gatunku AS gatunek1, gatunki2.nazwa_gatunku AS gatunek2, gatunki3.nazwa_gatunku AS gatunek3, kraje_produkcji1.kraj AS kraj1, kraje_produkcji2.kraj AS kraj2, kraje_produkcji3.kraj AS kraj3, filmy.liczba_wypozyczen, filmy.liczba_ocen, filmy.srednia_ocen, stawki_cenowe.wartosc 
FROM filmy 
LEFT JOIN rezyserzy ON filmy.rezyser = rezyserzy.id_rezysera 
LEFT JOIN gatunki AS gatunki1 ON filmy.gatunek1 = gatunki1.id_gatunku 
LEFT JOIN gatunki AS gatunki2 ON filmy.gatunek2 = gatunki2.id_gatunku 
LEFT JOIN gatunki AS gatunki3 ON filmy.gatunek3 = gatunki3.id_gatunku 
LEFT JOIN kraje_produkcji AS kraje_produkcji1 ON filmy.kraj1 = kraje_produkcji1.kod_kraju 
LEFT JOIN kraje_produkcji AS kraje_produkcji2 ON filmy.kraj2 = kraje_produkcji2.kod_kraju 
LEFT JOIN kraje_produkcji AS kraje_produkcji3 ON filmy.kraj3 = kraje_produkcji3.kod_kraju 
LEFT JOIN stawki_cenowe ON filmy.id_ceny = stawki_cenowe.id_ceny ORDER BY filmy.srednia_ocen DESC LIMIT 10;
END$$
DELIMITER ;

-- aktualizacja cen wykonana na podstawie ilosci dni od dodania filmu
DELIMITER $$
CREATE DEFINER=`root`@`localhost` PROCEDURE `update_cen`()
    NO SQL
BEGIN
UPDATE filmy
SET filmy.id_ceny = 1
WHERE DATEDIFF(now(), filmy.data_dodania) > 540;
UPDATE filmy
SET filmy.id_ceny = 2
WHERE DATEDIFF(now(), filmy.data_dodania) <= 540 AND DATEDIFF(now(), filmy.data_dodania) > 180;
UPDATE filmy
SET filmy.id_ceny = 3
WHERE DATEDIFF(now(), filmy.data_dodania) <= 180;
END$$
DELIMITER ;

-- wywolanie aktualizacji cen
CALL `update_cen`();

-- historia wypozyczen dla danego uzytkownika
DELIMITER $$
CREATE DEFINER=`root`@`localhost` PROCEDURE `wypozyczenia_uzytkownika`(IN `uzytkownik` INT)
    NO SQL
BEGIN
SELECT filmy.tytul, stawki_cenowe.wartosc, wypozyczenia.data_wypozyczenia, wypozyczenia.data_wygasniecia FROM wypozyczenia JOIN filmy ON wypozyczenia.id_filmu = filmy.id_filmu JOIN stawki_cenowe ON filmy.id_ceny = stawki_cenowe.id_ceny WHERE @p0 = wypozyczenia.id_uzytkownika ORDER BY wypozyczenia.data_wypozyczenia DESC;
END$$
DELIMITER ;

-- wyswietlenie tabeli filmy
DELIMITER $$
CREATE DEFINER=`root`@`localhost` PROCEDURE `wyswietlanie_tabeli_filmy`()
BEGIN
SELECT filmy.tytul, filmy.rok, rezyserzy.nazwa_rezysera, gatunki1.nazwa_gatunku AS gatunek1, gatunki2.nazwa_gatunku AS gatunek2, gatunki3.nazwa_gatunku AS gatunek3, kraje_produkcji1.kraj AS kraj1, kraje_produkcji2.kraj AS kraj2, kraje_produkcji3.kraj AS kraj3, filmy.liczba_wypozyczen, filmy.liczba_ocen, filmy.srednia_ocen, stawki_cenowe.wartosc 
FROM filmy 
LEFT JOIN rezyserzy ON filmy.rezyser = rezyserzy.id_rezysera 
LEFT JOIN gatunki AS gatunki1 ON filmy.gatunek1 = gatunki1.id_gatunku 
LEFT JOIN gatunki AS gatunki2 ON filmy.gatunek2 = gatunki2.id_gatunku 
LEFT JOIN gatunki AS gatunki3 ON filmy.gatunek3 = gatunki3.id_gatunku 
LEFT JOIN kraje_produkcji AS kraje_produkcji1 ON filmy.kraj1 = kraje_produkcji1.kod_kraju 
LEFT JOIN kraje_produkcji AS kraje_produkcji2 ON filmy.kraj2 = kraje_produkcji2.kod_kraju 
LEFT JOIN kraje_produkcji AS kraje_produkcji3 ON filmy.kraj3 = kraje_produkcji3.kod_kraju 
LEFT JOIN stawki_cenowe ON filmy.id_ceny = stawki_cenowe.id_ceny;
END$$
DELIMITER ;

-- znajdowanie filmow na podstawie frazy, ktorej szukamy w tytulach filmow, nazwach rezysera lub opisach filmow
DELIMITER $$
CREATE DEFINER=`root`@`localhost` PROCEDURE `wyszukiwanie_filmow_i_rezyserow_haslowo`(IN `szukana fraza` VARCHAR(100) CHARSET utf8)
    NO SQL
BEGIN
SELECT filmy.tytul, filmy.rok, rezyserzy.nazwa_rezysera, gatunki1.nazwa_gatunku AS gatunek1, gatunki2.nazwa_gatunku AS gatunek2, gatunki3.nazwa_gatunku AS gatunek3, kraje_produkcji1.kraj AS kraj1, kraje_produkcji2.kraj AS kraj2, kraje_produkcji3.kraj AS kraj3, filmy.liczba_wypozyczen, filmy.liczba_ocen, filmy.srednia_ocen, stawki_cenowe.wartosc 
FROM filmy 
LEFT JOIN rezyserzy ON filmy.rezyser = rezyserzy.id_rezysera 
LEFT JOIN gatunki AS gatunki1 ON filmy.gatunek1 = gatunki1.id_gatunku 
LEFT JOIN gatunki AS gatunki2 ON filmy.gatunek2 = gatunki2.id_gatunku 
LEFT JOIN gatunki AS gatunki3 ON filmy.gatunek3 = gatunki3.id_gatunku 
LEFT JOIN kraje_produkcji AS kraje_produkcji1 ON filmy.kraj1 = kraje_produkcji1.kod_kraju 
LEFT JOIN kraje_produkcji AS kraje_produkcji2 ON filmy.kraj2 = kraje_produkcji2.kod_kraju 
LEFT JOIN kraje_produkcji AS kraje_produkcji3 ON filmy.kraj3 = kraje_produkcji3.kod_kraju 
LEFT JOIN stawki_cenowe ON filmy.id_ceny = stawki_cenowe.id_ceny WHERE rezyserzy.nazwa_rezysera LIKE CONCAT ('%', @p0, '%') OR
filmy.tytul LIKE CONCAT ('%', @p0, '%') OR
filmy.opis LIKE CONCAT ('%', @p0, '%');
END$$
DELIMITER ;

-- znajdowanie filmow po podanym gatunku
DELIMITER $$
CREATE DEFINER=`root`@`localhost` PROCEDURE `wyszukiwanie_filmu_po_gatunku`(IN `gatunek` VARCHAR(30))
    NO SQL
BEGIN
SELECT filmy.tytul, filmy.rok, rezyserzy.nazwa_rezysera, gatunki1.nazwa_gatunku AS gatunek1, gatunki2.nazwa_gatunku AS gatunek2, gatunki3.nazwa_gatunku AS gatunek3, kraje_produkcji1.kraj AS kraj1, kraje_produkcji2.kraj AS kraj2, kraje_produkcji3.kraj AS kraj3, filmy.liczba_wypozyczen, filmy.liczba_ocen, filmy.srednia_ocen, stawki_cenowe.wartosc 
FROM filmy 
LEFT JOIN rezyserzy ON filmy.rezyser = rezyserzy.id_rezysera 
LEFT JOIN gatunki AS gatunki1 ON filmy.gatunek1 = gatunki1.id_gatunku 
LEFT JOIN gatunki AS gatunki2 ON filmy.gatunek2 = gatunki2.id_gatunku 
LEFT JOIN gatunki AS gatunki3 ON filmy.gatunek3 = gatunki3.id_gatunku 
LEFT JOIN kraje_produkcji AS kraje_produkcji1 ON filmy.kraj1 = kraje_produkcji1.kod_kraju 
LEFT JOIN kraje_produkcji AS kraje_produkcji2 ON filmy.kraj2 = kraje_produkcji2.kod_kraju 
LEFT JOIN kraje_produkcji AS kraje_produkcji3 ON filmy.kraj3 = kraje_produkcji3.kod_kraju 
LEFT JOIN stawki_cenowe ON filmy.id_ceny = stawki_cenowe.id_ceny 
WHERE filmy.gatunek1 = (SELECT gatunki.id_gatunku FROM gatunki WHERE gatunki.nazwa_gatunku LIKE @p0) OR 
filmy.gatunek2 = (SELECT gatunki.id_gatunku FROM gatunki WHERE gatunki.nazwa_gatunku LIKE @p0) OR 
filmy.gatunek3 = (SELECT gatunki.id_gatunku FROM gatunki WHERE gatunki.nazwa_gatunku LIKE @p0) ORDER BY filmy.tytul;
END$$
DELIMITER ;

-- znajdowanie filmow po podanym kraju
DELIMITER $$
DELIMITER $$
CREATE DEFINER=`root`@`localhost` PROCEDURE `wyszukiwanie_filmu_po_kraju`(IN `kraj` VARCHAR(30))
    NO SQL
BEGIN
SELECT filmy.tytul, filmy.rok, rezyserzy.nazwa_rezysera, gatunki1.nazwa_gatunku AS gatunek1, gatunki2.nazwa_gatunku AS gatunek2, gatunki3.nazwa_gatunku AS gatunek3, kraje_produkcji1.kraj AS kraj1, kraje_produkcji2.kraj AS kraj2, kraje_produkcji3.kraj AS kraj3, filmy.liczba_wypozyczen, filmy.liczba_ocen, filmy.srednia_ocen, stawki_cenowe.wartosc 
FROM filmy 
LEFT JOIN rezyserzy ON filmy.rezyser = rezyserzy.id_rezysera 
LEFT JOIN gatunki AS gatunki1 ON filmy.gatunek1 = gatunki1.id_gatunku 
LEFT JOIN gatunki AS gatunki2 ON filmy.gatunek2 = gatunki2.id_gatunku 
LEFT JOIN gatunki AS gatunki3 ON filmy.gatunek3 = gatunki3.id_gatunku 
LEFT JOIN kraje_produkcji AS kraje_produkcji1 ON filmy.kraj1 = kraje_produkcji1.kod_kraju 
LEFT JOIN kraje_produkcji AS kraje_produkcji2 ON filmy.kraj2 = kraje_produkcji2.kod_kraju 
LEFT JOIN kraje_produkcji AS kraje_produkcji3 ON filmy.kraj3 = kraje_produkcji3.kod_kraju 
LEFT JOIN stawki_cenowe ON filmy.id_ceny = stawki_cenowe.id_ceny WHERE filmy.kraj1 = (SELECT kraje_produkcji.kod_kraju FROM kraje_produkcji WHERE kraje_produkcji.kraj LIKE @p0) OR filmy.kraj2 = (SELECT kraje_produkcji.kod_kraju FROM kraje_produkcji WHERE kraje_produkcji.kraj LIKE @p0) OR filmy.kraj3 = (SELECT kraje_produkcji.kod_kraju FROM kraje_produkcji WHERE kraje_produkcji.kraj LIKE @p0) ORDER BY filmy.tytul;
END$$
DELIMITER ;

-- znajdowanie filmow w podanych latach
DELIMITER $$
CREATE DEFINER=`root`@`localhost` PROCEDURE `wyszukiwanie_filmu_po_roku`(IN `od roku` INT, IN `do roku` INT)
    NO SQL
BEGIN
SELECT filmy.tytul, filmy.rok, rezyserzy.nazwa_rezysera, gatunki1.nazwa_gatunku AS gatunek1, gatunki2.nazwa_gatunku AS gatunek2, gatunki3.nazwa_gatunku AS gatunek3, kraje_produkcji1.kraj AS kraj1, kraje_produkcji2.kraj AS kraj2, kraje_produkcji3.kraj AS kraj3, filmy.liczba_wypozyczen, filmy.liczba_ocen, filmy.srednia_ocen, stawki_cenowe.wartosc 
FROM filmy 
LEFT JOIN rezyserzy ON filmy.rezyser = rezyserzy.id_rezysera 
LEFT JOIN gatunki AS gatunki1 ON filmy.gatunek1 = gatunki1.id_gatunku 
LEFT JOIN gatunki AS gatunki2 ON filmy.gatunek2 = gatunki2.id_gatunku 
LEFT JOIN gatunki AS gatunki3 ON filmy.gatunek3 = gatunki3.id_gatunku 
LEFT JOIN kraje_produkcji AS kraje_produkcji1 ON filmy.kraj1 = kraje_produkcji1.kod_kraju 
LEFT JOIN kraje_produkcji AS kraje_produkcji2 ON filmy.kraj2 = kraje_produkcji2.kod_kraju 
LEFT JOIN kraje_produkcji AS kraje_produkcji3 ON filmy.kraj3 = kraje_produkcji3.kod_kraju 
LEFT JOIN stawki_cenowe ON filmy.id_ceny = stawki_cenowe.id_ceny WHERE filmy.rok >= @p0 AND filmy.rok <= @p1 ORDER BY filmy.rok;
END$$
DELIMITER ;

-- zestawienie 100 ostatnich wypozyczen
DELIMITER $$
CREATE DEFINER=`root`@`localhost` PROCEDURE `zestawienie_100_ostatnich_wypozyczen`()
    NO SQL
BEGIN
SELECT wypozyczenia.id_wypozyczenia, uzytkownicy.email, filmy.tytul, wypozyczenia.data_wypozyczenia FROM filmy NATURAL JOIN wypozyczenia NATURAL JOIN uzytkownicy ORDER BY wypozyczenia.id_wypozyczenia DESC LIMIT 100;
END$$
DELIMITER ;


